"URL","Context","Id","Name","Placeholder","CurrentValue","OptionCount","Error"
"https://mgm.ibos.io/","base","react-select-mgm-input",,,,"0",
"https://mgm.ibos.io/accounts/accDashboard","base","react-select-mgm-input",,,,"0",
"https://mgm.ibos.io/accounts/accDashboard","base","react-select-mgm-input",,,,"0",
"https://mgm.ibos.io/accounts/bankAccount","base","react-select-mgm-input",,,,"0",
"https://mgm.ibos.io/accounts/bankAccount","base","react-select-mgm-input",,,,"0",
"https://mgm.ibos.io/accounts/bankAccount","base","_r_n_",,,,"0",
"https://mgm.ibos.io/accounts/budgetSetup","base","react-select-mgm-input",,,,"0",
"https://mgm.ibos.io/accounts/budgetSetup","base","MGMForm_statusDDL",,,,"0",
"https://mgm.ibos.io/accounts/businessTransaction","base","react-select-mgm-input",,,,"0",
"https://mgm.ibos.io/accounts/centerSetup","base","react-select-mgm-input",,,,"0",
"https://mgm.ibos.io/accounts/centerSetup","base","react-select-mgm-input",,,,"0",
"https://mgm.ibos.io/accounts/centerSetup","base","react-select-mgm-input",,,,"0",
"https://mgm.ibos.io/accounts/chequeDesign","base","react-select-mgm-input",,,,"0",
"https://mgm.ibos.io/accounts/chequeDesign","base","react-select-mgm-input",,,,"0",
"https://mgm.ibos.io/accounts/chequeDesign","base","_r_9_",,,,"0",
"https://mgm.ibos.io/accounts/chequeIssue","base","react-select-mgm-input",,,,"0",
"https://mgm.ibos.io/accounts/chequeIssue","base","react-select-mgm-input",,,,"0",
"https://mgm.ibos.io/accounts/chequeIssue","base","react-select-mgm-input",,,,"0",
"https://mgm.ibos.io/accounts/chequeSetup","base","react-select-mgm-input",,,,"0",
"https://mgm.ibos.io/accounts/chequeSetup","base","react-select-mgm-input",,,,"0",
"https://mgm.ibos.io/accounts/expenseIncomeHead","base","react-select-mgm-input",,,,"0",
"https://mgm.ibos.io/accounts/expenseIncomeHead","base","react-select-mgm-input",,,,"0",
"https://mgm.ibos.io/accounts/expenseOrAdvance","base","react-select-mgm-input",,,,"0",
"https://mgm.ibos.io/accounts/expenseOrAdvance","base","react-select-mgm-input",,,,"0",
"https://mgm.ibos.io/accounts/financialReport","base","react-select-mgm-input",,,,"0",
"https://mgm.ibos.io/accounts/financialReport","base","react-select-mgm-input",,,,"0",
"https://mgm.ibos.io/accounts/financialReport","base","react-select-mgm-input",,,,"0",
"https://mgm.ibos.io/accounts/financialReport","base","react-select-mgm-input",,,,"0",
"https://mgm.ibos.io/accounts/financialReport","base","react-select-mgm-input",,,,"0",
"https://mgm.ibos.io/accounts/fundTransfer","base","react-select-mgm-input",,,,"0",
"https://mgm.ibos.io/accounts/fundTransfer","base","react-select-mgm-input",,,,"0",
"https://mgm.ibos.io/accounts/fundTransfer","base","_r_8_",,,,"0",
"https://mgm.ibos.io/accounts/lcmargin","base","react-select-mgm-input",,,,"0",
"https://mgm.ibos.io/accounts/othersReport","base","react-select-mgm-input",,,,"0",
"https://mgm.ibos.io/accounts/othersReport","base","react-select-mgm-input",,,,"0",
"https://mgm.ibos.io/accounts/Project","base","react-select-mgm-input",,,,"0",
"https://mgm.ibos.io/accounts/Project","base","react-select-mgm-input",,,,"0",
"https://mgm.ibos.io/accounts/Project","base","react-select-mgm-input",,,,"0",
"https://mgm.ibos.io/accounts/Project","base","react-select-mgm-input",,,,"0",
"https://mgm.ibos.io/asset/assetAssign","base","react-select-mgm-input",,,,"0",
"https://mgm.ibos.io/asset/assetAssign","base","MGMForm_assetName",,,,"0",
"https://mgm.ibos.io/asset/assetDashboard","base","react-select-mgm-input",,,,"0",
"https://mgm.ibos.io/asset/assetDepreciation","base","react-select-mgm-input",,,,"0",
"https://mgm.ibos.io/asset/assetDisposal","base","react-select-mgm-input",,,,"0",
"https://mgm.ibos.io/asset/assetMaintenance","base","react-select-mgm-input",,,,"0",
"https://mgm.ibos.io/asset/assetRegister","base","react-select-mgm-input",,,,"0",
"https://mgm.ibos.io/asset/assetRegister","base","MGMForm_division",,,,"0",
"https://mgm.ibos.io/asset/assetRegister","base","MGMForm_category",,,,"0",
"https://mgm.ibos.io/asset/assetRegister","base","MGMForm_subCategory",,,,"0",
"https://mgm.ibos.io/asset/assetRegister","base","MGMForm_minorCategory",,,,"0",
"https://mgm.ibos.io/asset/assetReport","base","react-select-mgm-input",,,,"0",
"https://mgm.ibos.io/asset/assetReport","base","MGMForm_viewBy",,,,"0",
"https://mgm.ibos.io/asset/assetReport","base","MGMForm_division",,,,"0",
"https://mgm.ibos.io/asset/assetReport","base","MGMForm_category",,,,"0",
"https://mgm.ibos.io/asset/assetReport","base","MGMForm_subCategory",,,,"0",
"https://mgm.ibos.io/commonapproval","base","react-select-mgm-input",,,,"0",
"https://mgm.ibos.io/config/approvalsetup","base","react-select-mgm-input",,,,"0",
"https://mgm.ibos.io/config/custoemerProfile","base","react-select-mgm-input",,,,"0",
"https://mgm.ibos.io/config/custoemerProfile","base","MGMForm_office",,,,"0",
"https://mgm.ibos.io/config/custoemerProfile","base","MGMForm_partnerGroup",,,,"0",
"https://mgm.ibos.io/config/custoemerProfile","base","MGMForm_partnerSubGroup",,,,"0",
"https://mgm.ibos.io/config/custoemerProfile","base","MGMForm_filterByStatus",,,,"0",
"https://mgm.ibos.io/config/employee","base","react-select-mgm-input",,,,"0",
"https://mgm.ibos.io/config/employee","base","MGMForm_viewBy",,,,"0",
"https://mgm.ibos.io/config/employee","base","MGMForm_userType",,,,"0",
"https://mgm.ibos.io/config/employee","base","MGMForm_status",,,,"0",
"https://mgm.ibos.io/config/item","base","react-select-mgm-input",,,,"0",
"https://mgm.ibos.io/config/item","base","MGMForm_supplier",,,,"0",
"https://mgm.ibos.io/config/item","base","MGMForm_customer",,,,"0",
"https://mgm.ibos.io/config/item","base","MGMForm_itemType",,,,"0",
"https://mgm.ibos.io/config/item","base","MGMForm_itemDivision",,,,"0",
"https://mgm.ibos.io/config/item","base","MGMForm_itemCategory",,,,"0",
"https://mgm.ibos.io/config/otherPartnerProfile","base","react-select-mgm-input",,,,"0",
"https://mgm.ibos.io/config/otherPartnerProfile","base","react-select-mgm-input",,,,"0",
"https://mgm.ibos.io/config/otherPartnerProfile","base","react-select-mgm-input",,,,"0",
"https://mgm.ibos.io/config/otherPartnerProfile","base","react-select-mgm-input",,,,"0",
"https://mgm.ibos.io/config/profile","base","react-select-mgm-input",,,,"0",
"https://mgm.ibos.io/config/responsibilityTransfer","base","react-select-mgm-input",,,,"0",
"https://mgm.ibos.io/config/responsibilityTransfer","base","MGMForm_fromUser",,,,"0",
"https://mgm.ibos.io/config/responsibilityTransfer","base","MGMForm_toUser",,,,"0",
"https://mgm.ibos.io/config/supplierProfile","base","react-select-mgm-input",,,,"0",
"https://mgm.ibos.io/config/supplierProfile","base","react-select-mgm-input",,,,"0",
"https://mgm.ibos.io/config/supplierProfile","base","react-select-mgm-input",,,,"0",
"https://mgm.ibos.io/config/supplierProfile","base","react-select-mgm-input",,,,"0",
"https://mgm.ibos.io/config/supplierProfile","base","react-select-mgm-input",,,,"0",
"https://mgm.ibos.io/config/userGroup","base","react-select-mgm-input",,,,"0",
"https://mgm.ibos.io/config/warehouse","base","react-select-mgm-input",,,,"0",
"https://mgm.ibos.io/hrAdmin/acknowledgementLetter","base","react-select-mgm-input",,,,"0",
"https://mgm.ibos.io/hrAdmin/acknowledgementLetter","base","MGMForm_documentType",,,,"0",
"https://mgm.ibos.io/hrAdmin/acknowledgementLetter","base","MGMForm_office",,,,"0",
"https://mgm.ibos.io/hrAdmin/acknowledgementLetter","base","MGMForm_employee",,,,"0",
"https://mgm.ibos.io/hrAdmin/attendance","base","react-select-mgm-input",,,,"0",
"https://mgm.ibos.io/hrAdmin/attendance","base","MGMForm_viewBy",,,,"0",
"https://mgm.ibos.io/hrAdmin/attendance","base","MGMForm_employee",,,,"0",
"https://mgm.ibos.io/hrAdmin/attendance","base","MGMForm_status",,,,"0",
"https://mgm.ibos.io/hrAdmin/bonus","base","react-select-mgm-input",,,,"0",
"https://mgm.ibos.io/hrAdmin/bonus","base","MGMForm_status",,,,"0",
"https://mgm.ibos.io/hrAdmin/calendarAssign","base","react-select-mgm-input",,,,"0",
"https://mgm.ibos.io/hrAdmin/calendarAssign","base","MGMForm_office",,,,"0",
"https://mgm.ibos.io/hrAdmin/calendarAssign","base","MGMForm_department",,,,"0",
"https://mgm.ibos.io/hrAdmin/calendarAssign","base","MGMForm_departmentSection",,,,"0",
"https://mgm.ibos.io/hrAdmin/calendarAssign","base","MGMForm_designation",,,,"0",
"https://mgm.ibos.io/hrAdmin/calendarAssign","base","MGMForm_employee",,,,"0",
"https://mgm.ibos.io/hrAdmin/config","base","react-select-mgm-input",,,,"0",
"https://mgm.ibos.io/hrAdmin/dashboard","base","react-select-mgm-input",,,,"0",
"https://mgm.ibos.io/hrAdmin/dashboard","base","userType",,,,"0",
"https://mgm.ibos.io/hrAdmin/dashboard","base","noticeYear",,,,"0",
"https://mgm.ibos.io/hrAdmin/increment","base","react-select-mgm-input",,,,"0",
"https://mgm.ibos.io/hrAdmin/increment","base","MGMForm_office",,,,"0",
"https://mgm.ibos.io/hrAdmin/increment","base","MGMForm_status",,,,"0",
"https://mgm.ibos.io/hrAdmin/leave&Movement","base","react-select-mgm-input",,,,"0",
"https://mgm.ibos.io/hrAdmin/leave&Movement","base","employee",,,,"0",
"https://mgm.ibos.io/hrAdmin/leave&Movement","base","leaveType",,,,"0",
"https://mgm.ibos.io/hrAdmin/overtime","base","react-select-mgm-input",,,,"0",
"https://mgm.ibos.io/hrAdmin/pendingApproval","base","react-select-mgm-input",,,,"0",
"https://mgm.ibos.io/hrAdmin/pendingApproval","base","MGMForm_viewBy",,,,"0",
"https://mgm.ibos.io/hrAdmin/profile","base","react-select-mgm-input",,,,"0",
"https://mgm.ibos.io/hrAdmin/report","base","react-select-mgm-input",,,,"0",
"https://mgm.ibos.io/hrAdmin/report","base","react-select-mgm-input",,,,"0",
"https://mgm.ibos.io/hrAdmin/salaryDisbursment","base","react-select-mgm-input",,,,"0",
"https://mgm.ibos.io/hrAdmin/salaryDisbursment","base","MGMForm_office",,,,"0",
"https://mgm.ibos.io/hrAdmin/salaryDisbursment","base","MGMForm_month",,,,"0",
"https://mgm.ibos.io/hrAdmin/salaryDisbursment","base","MGMForm_year",,,,"0",
"https://mgm.ibos.io/hrAdmin/salarySheet","base","react-select-mgm-input",,,,"0",
"https://mgm.ibos.io/hrAdmin/salarySheet","base","MGMForm_office",,,,"0",
"https://mgm.ibos.io/hrAdmin/salarySheet","base","MGMForm_month",,,,"0",
"https://mgm.ibos.io/hrAdmin/salarySheet","base","MGMForm_year",,,,"0",
"https://mgm.ibos.io/hrAdmin/selfService","base","react-select-mgm-input",,,,"0",
"https://mgm.ibos.io/hrAdmin/selfService","base","MGMForm_documentType",,,,"0",
"https://mgm.ibos.io/hrAdmin/selfService","base","MGMForm_office",,,,"0",
"https://mgm.ibos.io/hrAdmin/selfService","base","MGMForm_employee",,,,"0",
"https://mgm.ibos.io/inventory/audit","base","react-select-mgm-input",,,,"0",
"https://mgm.ibos.io/inventory/audit","base","react-select-mgm-input",,,,"0",
"https://mgm.ibos.io/inventory/audit","base","react-select-mgm-input",,,,"0",
"https://mgm.ibos.io/inventory/auditSetup","base","react-select-mgm-input",,,,"0",
"https://mgm.ibos.io/inventory/auditSetup","base","react-select-mgm-input",,,,"0",
"https://mgm.ibos.io/inventory/auditSetup","base","react-select-mgm-input",,,,"0",
"https://mgm.ibos.io/inventory/gateInOut","base","react-select-mgm-input",,,,"0",
"https://mgm.ibos.io/inventory/invDashboard","base","react-select-mgm-input",,,,"0",
"https://mgm.ibos.io/inventory/invDashboard","base","react-select-mgm-input",,,,"0",
"https://mgm.ibos.io/inventory/invDashboard","base","react-select-mgm-input",,,,"0",
"https://mgm.ibos.io/inventory/invDashboard","base","react-select-mgm-input",,,,"0",
"https://mgm.ibos.io/inventory/inventoryReport","base","react-select-mgm-input",,,,"0",
"https://mgm.ibos.io/inventory/inventoryReport","base","react-select-mgm-input",,,,"0",
"https://mgm.ibos.io/inventory/inventoryReport","base","react-select-mgm-input",,,,"0",
"https://mgm.ibos.io/inventory/inventoryReport","base","react-select-mgm-input",,,,"0",
"https://mgm.ibos.io/inventory/inventoryReport","base","react-select-mgm-input",,,,"0",
"https://mgm.ibos.io/inventory/inventoryReport","base","react-select-mgm-input",,,,"0",
"https://mgm.ibos.io/inventory/inventoryReport","base","react-select-mgm-input",,,,"0",
"https://mgm.ibos.io/inventory/InvRequisition","base","react-select-mgm-input",,,,"0",
"https://mgm.ibos.io/inventory/InvRequisition","base","_r_1c_",,,,"0",
"https://mgm.ibos.io/inventory/InvRequisitionIssue","base","react-select-mgm-input",,,,"0",
"https://mgm.ibos.io/inventory/Item-stock-convertion","base","react-select-mgm-input",,,,"0",
"https://mgm.ibos.io/inventory/Item-stock-convertion","base","react-select-mgm-input",,,,"0",
"https://mgm.ibos.io/inventory/Item-stock-convertion","base","react-select-mgm-input",,,,"0",
"https://mgm.ibos.io/inventory/Item-stock-convertion","base","react-select-mgm-input",,,,"0",
"https://mgm.ibos.io/inventory/Item-stock-convertion","base","react-select-mgm-input",,,,"0",
"https://mgm.ibos.io/inventory/qcManagement","base","react-select-mgm-input",,,,"0",
"https://mgm.ibos.io/inventory/request","base","react-select-mgm-input",,,,"0",
"https://mgm.ibos.io/inventory/stock-adjustment","base","react-select-mgm-input",,,,"0",
"https://mgm.ibos.io/inventory/stock-adjustment","base","react-select-mgm-input",,,,"0",
"https://mgm.ibos.io/inventory/stock-adjustment","base","react-select-mgm-input",,,,"0",
"https://mgm.ibos.io/inventory/stock-adjustment","base","react-select-mgm-input",,,,"0",
"https://mgm.ibos.io/inventory/transfer","base","react-select-mgm-input",,,,"0",
"https://mgm.ibos.io/inventory/transfer","base","react-select-mgm-input",,,,"0",
"https://mgm.ibos.io/inventory/transfer","base","react-select-mgm-input",,,,"0",
"https://mgm.ibos.io/inventory/transfer","base","react-select-mgm-input",,,,"0",
"https://mgm.ibos.io/inventory/transfer","base","react-select-mgm-input",,,,"0",
"https://mgm.ibos.io/inventory/transferOutReceive","base","react-select-mgm-input",,,,"0",
"https://mgm.ibos.io/inventory/transferOutReceive","base","react-select-mgm-input",,,,"0",
"https://mgm.ibos.io/multi-level-approval","base","react-select-mgm-input",,,,"0",
"https://mgm.ibos.io/postcrm/campaign","base","react-select-mgm-input",,,,"0",
"https://mgm.ibos.io/postcrm/complainManagement","base","react-select-mgm-input",,,,"0",
"https://mgm.ibos.io/postcrm/complainManagement","base","react-select-mgm-input",,,,"0",
"https://mgm.ibos.io/postcrm/complainManagement","base","react-select-mgm-input",,,,"0",
"https://mgm.ibos.io/postcrm/complainManagement","base","react-select-mgm-input",,,,"0",
"https://mgm.ibos.io/postcrm/complainManagement","base","react-select-mgm-input",,,,"0",
"https://mgm.ibos.io/postcrm/configuration","base","react-select-mgm-input",,,,"0",
"https://mgm.ibos.io/postcrm/crmReport","base","react-select-mgm-input",,,,"0",
"https://mgm.ibos.io/postcrm/crmReports","base","react-select-mgm-input",,,,"0",
"https://mgm.ibos.io/postcrm/crmReports","base","react-select-mgm-input",,,,"0",
"https://mgm.ibos.io/postcrm/crmReports","base","react-select-mgm-input",,,,"0",
"https://mgm.ibos.io/postcrm/crmReports","base","react-select-mgm-input",,,,"0",
"https://mgm.ibos.io/postcrm/emailConfig","base","react-select-mgm-input",,,,"0",
"https://mgm.ibos.io/postcrm/preSuspect","base","react-select-mgm-input",,,,"0",
"https://mgm.ibos.io/postcrm/rejectLeadQC","base","react-select-mgm-input",,,,"0",
"https://mgm.ibos.io/postcrm/salesTarget","base","react-select-mgm-input",,,,"0",
"https://mgm.ibos.io/postcrm/salesTargetEmployeeWise","base","react-select-mgm-input",,,,"0",
"https://mgm.ibos.io/postcrm/serviceAgreement","base","react-select-mgm-input",,,,"0",
"https://mgm.ibos.io/postcrm/stageTarget","base","react-select-mgm-input",,,,"0",
"https://mgm.ibos.io/postcrm/warrantyManagement","base","react-select-mgm-input",,,,"0",
"https://mgm.ibos.io/postcrm/warrantyManagement","base","react-select-mgm-input",,,,"0",
"https://mgm.ibos.io/postcrm/warrantyManagement","base","react-select-mgm-input",,,,"0",
"https://mgm.ibos.io/postcrm/warrantyManagement","base","_r_f_",,,,"0",
"https://mgm.ibos.io/production/billOfMaterial","base","react-select-mgm-input",,,,"0",
"https://mgm.ibos.io/production/billOfMaterial","base","react-select-mgm-input",,,,"0",
"https://mgm.ibos.io/production/billOfMaterial","base","react-select-mgm-input",,,,"0",
"https://mgm.ibos.io/production/billOfMaterial","base","react-select-mgm-input",,,,"0",
"https://mgm.ibos.io/production/billOfMaterial","base","_r_h_",,,,"0",
"https://mgm.ibos.io/production/productionDashboard","base","react-select-mgm-input",,,,"0",
"https://mgm.ibos.io/production/productionEntry","base","react-select-mgm-input",,,,"0",
"https://mgm.ibos.io/production/productionEntry","base","_r_m_",,,,"0",
"https://mgm.ibos.io/production/productionOrder","base","react-select-mgm-input",,,,"0",
"https://mgm.ibos.io/production/productionOrder","base","react-select-mgm-input",,,,"0",
"https://mgm.ibos.io/production/productionOrder","base","_r_10_",,,,"0",
"https://mgm.ibos.io/production/productionReport","base",,,,,"1",
"https://mgm.ibos.io/production/workCenter","base","react-select-mgm-input",,,,"0",
"https://mgm.ibos.io/production/workCenter","base","react-select-mgm-input",,,,"0",
"https://mgm.ibos.io/production/workCenter","base","react-select-mgm-input",,,,"0",
"https://mgm.ibos.io/production/workCenter","base","react-select-mgm-input",,,,"0",
"https://mgm.ibos.io/production/workCenter","base","_r_c_",,,,"0",
"https://mgm.ibos.io/purchase/cs","base","react-select-mgm-input",,,,"0",
"https://mgm.ibos.io/purchase/cs","base","react-select-mgm-input",,,,"0",
"https://mgm.ibos.io/purchase/goodsReceive","base","react-select-mgm-input",,,,"0",
"https://mgm.ibos.io/purchase/goodsReceive","base","react-select-mgm-input",,,,"0",
"https://mgm.ibos.io/purchase/goodsReceive","base","react-select-mgm-input",,,,"0",
"https://mgm.ibos.io/purchase/goodsReceive","base","react-select-mgm-input",,,,"0",
"https://mgm.ibos.io/purchase/goodsReceive","base","react-select-mgm-input",,,,"0",
"https://mgm.ibos.io/purchase/invoice","base",,,,,"1",
"https://mgm.ibos.io/purchase/purchase","base","react-select-mgm-input",,,,"0",
"https://mgm.ibos.io/purchase/purchase","base","react-select-2-input",,,,"0",
"https://mgm.ibos.io/purchase/purchase","base","react-select-mgm-input",,,,"0",
"https://mgm.ibos.io/purchase/purchaseAnalytics","base",,,,,"1",
"https://mgm.ibos.io/purchase/purchaseDashboard","base","react-select-mgm-input",,,,"0",
"https://mgm.ibos.io/purchase/purchaseDashboard","base","react-select-mgm-input",,,,"0",
"https://mgm.ibos.io/purchase/purchaseDashboard","base","react-select-mgm-input",,,,"0",
"https://mgm.ibos.io/purchase/purchaseOrder","base","react-select-mgm-input",,,,"0",
"https://mgm.ibos.io/purchase/purchaseOrder","base","react-select-mgm-input",,,,"0",
"https://mgm.ibos.io/purchase/purchaseOrder","base","react-select-mgm-input",,,,"0",
"https://mgm.ibos.io/purchase/purchaseOrder","base","react-select-mgm-input",,,,"0",
"https://mgm.ibos.io/purchase/purchaseRequisition","base","react-select-mgm-input",,,,"0",
"https://mgm.ibos.io/purchase/purchaseRequisition","base","react-select-mgm-input",,,,"0",
"https://mgm.ibos.io/purchase/purchaseRequisition","base","react-select-mgm-input",,,,"0",
"https://mgm.ibos.io/purchase/purchaseRequisition","base","react-select-mgm-input",,,,"0",
"https://mgm.ibos.io/purchase/purchaseRequisition","base","react-select-mgm-input",,,,"0",
"https://mgm.ibos.io/purchase/purchaseRequisition","base","react-select-mgm-input",,,,"0",
"https://mgm.ibos.io/purchase/purchaseRequisition","base","react-select-mgm-input",,,,"0",
"https://mgm.ibos.io/purchase/purchaseReturn","base","react-select-mgm-input",,,,"0",
"https://mgm.ibos.io/purchase/quotationEntry","base","react-select-mgm-input",,,,"0",
"https://mgm.ibos.io/purchase/quotationEntry","base","react-select-mgm-input",,,,"0",
"https://mgm.ibos.io/purchase/rfq","base","react-select-mgm-input",,,,"0",
"https://mgm.ibos.io/purchase/rfq","base","react-select-mgm-input",,,,"0",
"https://mgm.ibos.io/sales/deliverySchedule","base","react-select-mgm-input",,,,"0",
"https://mgm.ibos.io/sales/fieldCollection","base","react-select-mgm-input",,,,"0",
"https://mgm.ibos.io/sales/fieldCollection","base","react-select-mgm-input",,,,"0",
"https://mgm.ibos.io/sales/fieldCollection","base","react-select-mgm-input",,,,"0",
"https://mgm.ibos.io/sales/fieldCollection","base","react-select-mgm-input",,,,"0",
"https://mgm.ibos.io/sales/fieldCollection","base","_r_10_",,,,"0",
"https://mgm.ibos.io/sales/goodsSales","base","react-select-mgm-input",,,,"0",
"https://mgm.ibos.io/sales/goodsSales","base","react-select-mgm-input",,,,"0",
"https://mgm.ibos.io/sales/goodsSales","base","react-select-mgm-input",,,,"0",
"https://mgm.ibos.io/sales/goodsSales","base","react-select-mgm-input",,,,"0",
"https://mgm.ibos.io/sales/goodsSales","base","react-select-mgm-input",,,,"0",
"https://mgm.ibos.io/sales/goodsSales","base","react-select-mgm-input",,,,"0",
"https://mgm.ibos.io/sales/goodsSales","base","react-select-mgm-input",,,,"0",
"https://mgm.ibos.io/sales/goodsSales","base","react-select-mgm-input",,,,"0",
"https://mgm.ibos.io/sales/goodsSales","base","react-select-mgm-input",,,,"0",
"https://mgm.ibos.io/sales/goodsSales","base","_r_99_",,,,"0",
"https://mgm.ibos.io/sales/sales","base","react-select-mgm-input",,,,"0",
"https://mgm.ibos.io/sales/sales","base","react-select-2-input",,,,"0",
"https://mgm.ibos.io/sales/salesAnalytics","base","react-select-mgm-input",,,,"0",
"https://mgm.ibos.io/sales/salesAnalytics","base","react-select-mgm-input",,,,"0",
"https://mgm.ibos.io/sales/salesAnalytics","base","react-select-mgm-input",,,,"0",
"https://mgm.ibos.io/sales/SalesCollection","base","react-select-mgm-input",,,,"0",
"https://mgm.ibos.io/sales/SalesCollection","base","react-select-mgm-input",,,,"0",
"https://mgm.ibos.io/sales/salesDashboard","base","react-select-mgm-input",,,,"0",
"https://mgm.ibos.io/sales/salesQuotation","base","react-select-mgm-input",,,,"0",
"https://mgm.ibos.io/sales/salesQuotation","base","react-select-mgm-input",,,,"0",
"https://mgm.ibos.io/sales/salesQuotation","base","react-select-mgm-input",,,,"0",
"https://mgm.ibos.io/sales/salesQuotation","base","_r_n_",,,,"0",
"https://mgm.ibos.io/sales/salesReturn","base","react-select-mgm-input",,,,"0",
"https://mgm.ibos.io/sales/target","base","react-select-mgm-input",,,,"0",
"https://mgm.ibos.io/sales/target","base","react-select-mgm-input",,,,"0",
"https://mgm.ibos.io/sales/target","base","react-select-mgm-input",,,,"0",
"https://mgm.ibos.io/accounts/budgetSetup/create","create:Budget Create","react-select-mgm-input",,,,"0",
"https://mgm.ibos.io/accounts/budgetSetup/create","create:Budget Create","MGMForm_office",,,,"0",
"https://mgm.ibos.io/accounts/budgetSetup/create","create:Budget Create","MGMForm_budgetType",,,,"0",
"https://mgm.ibos.io/accounts/budgetSetup/create","create:Budget Create","MGMForm_accountHead",,,,"0",
"https://mgm.ibos.io/accounts/budgetSetup/create","create:Budget Create","MGMForm_expenseName",,,,"0",
"https://mgm.ibos.io/accounts/budgetSetup/create","create:Budget Create / tab:Budget","react-select-mgm-input",,,,"0",
"https://mgm.ibos.io/accounts/budgetSetup/create","create:Budget Create / tab:Budget","MGMForm_office",,,,"0",
"https://mgm.ibos.io/accounts/budgetSetup/create","create:Budget Create / tab:Budget","MGMForm_budgetType",,,,"0",
"https://mgm.ibos.io/accounts/budgetSetup/create","create:Budget Create / tab:Budget","MGMForm_accountHead",,,,"0",
"https://mgm.ibos.io/accounts/budgetSetup/create","create:Budget Create / tab:Budget","MGMForm_expenseName",,,,"0",
"https://mgm.ibos.io/accounts/chequeDesign/create","create:Create","react-select-mgm-input",,,,"0",
"https://mgm.ibos.io/accounts/chequeDesign/create","create:Create","react-select-mgm-input",,,,"0",
"https://mgm.ibos.io/accounts/chequeIssue/create","create:Create","react-select-mgm-input",,,,"0",
"https://mgm.ibos.io/accounts/chequeIssue/create","create:Create","react-select-mgm-input",,,,"0",
"https://mgm.ibos.io/accounts/chequeIssue/create","create:Create","react-select-mgm-input",,,,"0",
"https://mgm.ibos.io/accounts/chequeSetup/create","create:New Cheque","react-select-mgm-input",,,,"0",
"https://mgm.ibos.io/accounts/chequeSetup/create","create:New Cheque","react-select-mgm-input",,,,"0",
"https://mgm.ibos.io/accounts/chequeSetup/create","create:New Cheque / tab:CHEQUE REGISTER","react-select-mgm-input",,,,"0",
"https://mgm.ibos.io/accounts/chequeSetup/create","create:New Cheque / tab:CHEQUE REGISTER","react-select-mgm-input",,,,"0",
"https://mgm.ibos.io/accounts/chequeSetup/create","create:New Cheque / tab:OUTGOING CHEQUE REPORT","react-select-mgm-input",,,,"0",
"https://mgm.ibos.io/accounts/chequeSetup/create","create:New Cheque / tab:OUTGOING CHEQUE REPORT","react-select-mgm-input",,,,"0",
"https://mgm.ibos.io/accounts/chequeSetup/create/new","create:New Cheque / tab:POST DATE CHEQUE REPORT","react-select-mgm-input",,,,"0",
"https://mgm.ibos.io/accounts/chequeSetup/create/new","create:New Cheque / tab:POST DATE CHEQUE REPORT","react-select-mgm-input",,,,"0",
"https://mgm.ibos.io/accounts/chequeSetup/create/new","create:New Cheque / tab:POST DATE CHEQUE REPORT","react-select-mgm-input",,,,"0",
"https://mgm.ibos.io/accounts/chequeSetup/create/new","create:New Cheque / tab:POST DATE CHEQUE REPORT","react-select-mgm-input",,,,"0",
"https://mgm.ibos.io/accounts/chequeSetup/create/new","create:New Cheque / tab:POST DATE CHEQUE REPORT","react-select-mgm-input",,,,"0",
"https://mgm.ibos.io/accounts/expenseIncomeHead/create","create:Create Upload","react-select-mgm-input",,,,"0",
"https://mgm.ibos.io/accounts/expenseIncomeHead","create:Create / tab:COA PERMISSION","react-select-mgm-input",,,,"0",
"https://mgm.ibos.io/accounts/expenseIncomeHead","create:Create / tab:COA PERMISSION","react-select-mgm-input",,,,"0",
"https://mgm.ibos.io/accounts/expenseIncomeHead","create:Create / tab:COA PERMISSION","react-select-mgm-input",,,,"0",
"https://mgm.ibos.io/accounts/expenseIncomeHead","create:Create / tab:COA PERMISSION","react-select-mgm-input",,,,"0",
"https://mgm.ibos.io/accounts/expenseIncomeHead","create:Create / tab:COA PERMISSION","_r_5t_",,,,"0",
"https://mgm.ibos.io/accounts/expenseIncomeHead","create:Create / tab:COA PERMISSION","react-select-mgm-input",,,,"0",
"https://mgm.ibos.io/accounts/expenseIncomeHead","create:Create / tab:COA PERMISSION","react-select-mgm-input",,,,"0",
"https://mgm.ibos.io/accounts/expenseIncomeHead","create:Create / tab:COA PERMISSION","react-select-mgm-input",,,,"0",
"https://mgm.ibos.io/accounts/expenseIncomeHead/create","create:Create Upload / tab:TABLE VIEW","react-select-mgm-input",,,,"0",
"https://mgm.ibos.io/accounts/expenseOrAdvance","create:Create Advance","react-select-mgm-input",,,,"0",
"https://mgm.ibos.io/accounts/expenseOrAdvance","create:Create Advance","react-select-mgm-input",,,,"0",
"https://mgm.ibos.io/accounts/expenseOrAdvance/createAdvance","create:Create Advance / tab:ADVANCE","react-select-mgm-input",,,,"0",
"https://mgm.ibos.io/accounts/expenseOrAdvance/createAdvance","create:Create Advance / tab:ADVANCE","react-select-mgm-input",,,,"0",
"https://mgm.ibos.io/accounts/expenseOrAdvance/createAdvance","create:Create Advance / tab:ADVANCE","react-select-mgm-input",,,,"0",
"https://mgm.ibos.io/accounts/expenseOrAdvance/createExpense","create:Create Expense / tab:EXPENSE",,,,,"1",
"https://mgm.ibos.io/accounts/expenseOrAdvance","create:Create Advance / tab:PROVISION",,,,,"1",
"https://mgm.ibos.io/accounts/fundTransfer/create","create:CREATE FUND TRANSFER REQUEST / tab:FUND TRANSFER REQUEST","react-select-mgm-input",,,,"0",
"https://mgm.ibos.io/accounts/fundTransfer/create","create:CREATE FUND TRANSFER REQUEST / tab:FUND TRANSFER REQUEST","react-select-mgm-input",,,,"0",
"https://mgm.ibos.io/accounts/fundTransfer/create","create:CREATE FUND TRANSFER REQUEST / tab:FUND TRANSFER REQUEST","react-select-mgm-input",,,,"0",
"https://mgm.ibos.io/accounts/fundTransfer/create","create:CREATE FUND TRANSFER REQUEST / tab:FUND TRANSFER REQUEST","react-select-mgm-input",,,,"0",
"https://mgm.ibos.io/accounts/fundTransfer/create","create:CREATE FUND TRANSFER REQUEST / tab:FUND TRANSFER REQUEST","react-select-mgm-input",,,,"0",
"https://mgm.ibos.io/accounts/lcmargin","create:LC Create / tab:PI/LC DETAILS","react-select-mgm-input",,,,"0",
"https://mgm.ibos.io/accounts/lcmargin","create:LC Create / tab:PI/LC DETAILS","react-select-mgm-input",,,,"0",
"https://mgm.ibos.io/accounts/lcmargin","create:LC Create / tab:PI/LC DETAILS","react-select-mgm-input",,,,"0",
"https://mgm.ibos.io/accounts/lcmargin","create:LC Create / tab:PI/LC DETAILS","react-select-mgm-input",,,,"0",
"https://mgm.ibos.io/accounts/lcmargin","create:LC Create / tab:PI/LC DETAILS","react-select-mgm-input",,,,"0",
"https://mgm.ibos.io/accounts/lcmargin","create:LC Create / tab:PI/LC DETAILS","react-select-mgm-input",,,,"0",
"https://mgm.ibos.io/accounts/lcmargin","create:LC Create / tab:PI/LC DETAILS","react-select-mgm-input",,,,"0",
"https://mgm.ibos.io/accounts/lcmargin","create:LC Create / tab:PI/LC DETAILS","react-select-mgm-input",,,,"0",
"https://mgm.ibos.io/accounts/lcmargin","create:LC Create / tab:PI/LC DETAILS","react-select-mgm-input",,,,"0",
"https://mgm.ibos.io/accounts/lcmargin","create:LC Create / tab:PI/LC DETAILS","react-select-mgm-input",,,,"0",
"https://mgm.ibos.io/accounts/lcmargin","create:LC Create / tab:PI/LC DETAILS","react-select-mgm-input",,,,"0",
"https://mgm.ibos.io/accounts/lcmargin","create:LC Create / tab:PI/LC DETAILS","react-select-mgm-input",,,,"0",
"https://mgm.ibos.io/accounts/lcmargin","create:LC Create / tab:PI/LC DETAILS","react-select-mgm-input",,,,"0",
"https://mgm.ibos.io/accounts/Project/create","create:Create Project / tab:PROJECT","react-select-mgm-input",,,,"0",
"https://mgm.ibos.io/accounts/Project/create","create:Create Project / tab:PROJECT","react-select-mgm-input",,,,"0",
"https://mgm.ibos.io/accounts/Project/create","create:Create Project / tab:PROJECT","react-select-mgm-input",,,,"0",
"https://mgm.ibos.io/accounts/Project/create","create:Create Project / tab:PROJECT","react-select-mgm-input",,,,"0",
"https://mgm.ibos.io/accounts/Project/create","create:Create Project / tab:PROJECT","react-select-mgm-input",,,,"0",
"https://mgm.ibos.io/accounts/Project/create","create:Create Project / tab:PROJECT","react-select-mgm-input",,,,"0",
"https://mgm.ibos.io/accounts/Project/create","create:Create Project / tab:PROJECT","react-select-mgm-input",,,,"0",
"https://mgm.ibos.io/accounts/Project/create","create:Create Project / tab:PROJECT","react-select-mgm-input",,,,"0",
"https://mgm.ibos.io/accounts/Project/create","create:Create Project / tab:PROJECT","react-select-mgm-input",,,,"0",
"https://mgm.ibos.io/accounts/Project/create","create:Create Tender / tab:TENDER","react-select-mgm-input",,,,"0",
"https://mgm.ibos.io/accounts/Project/create","create:Create Tender / tab:TENDER","react-select-mgm-input",,,,"0",
"https://mgm.ibos.io/accounts/Project/create","create:Create Tender / tab:TENDER","react-select-mgm-input",,,,"0",
"https://mgm.ibos.io/accounts/Project/create","create:Create Tender / tab:TENDER","react-select-mgm-input",,,,"0",
"https://mgm.ibos.io/accounts/Project/create","create:Create Tender / tab:TENDER","react-select-mgm-input",,,,"0",
"https://mgm.ibos.io/accounts/Project/create","create:Create Tender / tab:TENDER","react-select-mgm-input",,,,"0",
"https://mgm.ibos.io/accounts/Project/create","create:Create Tender / tab:TENDER","react-select-mgm-input",,,,"0",
"https://mgm.ibos.io/asset/assetDisposal","create:Create Disposal","react-select-mgm-input",,,,"0",
"https://mgm.ibos.io/asset/assetDisposal?tab=destroy","create:Create Disposal / tab:Destroy","react-select-mgm-input",,,,"0",
"https://mgm.ibos.io/asset/assetDisposal?tab=destroy","create:Create Disposal / tab:Destroy","MGMForm_destroyOffice",,,,"0",
"https://mgm.ibos.io/asset/assetDisposal?tab=report","create:Create Disposal / tab:Report","react-select-mgm-input",,,,"0",
"https://mgm.ibos.io/asset/assetDisposal?tab=report","create:Create Disposal / tab:Report","MGMForm_reportType",,,,"0",
"https://mgm.ibos.io/asset/assetDisposal?tab=report","create:Create Disposal / tab:Report","MGMForm_reportOffice",,,,"0",
"https://mgm.ibos.io/asset/assetDisposal","create:Create Disposal / tab:Sales","react-select-mgm-input",,,,"0",
"https://mgm.ibos.io/config/employee/create","create:Employee Create","react-select-mgm-input",,,,"0",
"https://mgm.ibos.io/config/employee/create","create:Employee Create","MGMForm_designation",,,,"0",
"https://mgm.ibos.io/config/employee/create","create:Employee Create","MGMForm_hrPosition",,,,"0",
"https://mgm.ibos.io/config/employee/create","create:Employee Create","MGMForm_employeeType",,,,"0",
"https://mgm.ibos.io/config/employee/create","create:Employee Create","MGMForm_assignOffice",,,,"0",
"https://mgm.ibos.io/config/employee/create","create:Employee Create","MGMForm_serviceCategories",,,,"0",
"https://mgm.ibos.io/config/employee/create","create:Employee Create","MGMForm_department",,,,"0",
"https://mgm.ibos.io/config/employee/create","create:Employee Create","MGMForm_departmentSection",,,,"0",
"https://mgm.ibos.io/config/employee/create","create:Employee Create","MGMForm_policy",,,,"0",
"https://mgm.ibos.io/config/employee/create","create:Employee Create","MGMForm_religion",,,,"0",
"https://mgm.ibos.io/config/employee/create","create:Employee Create","MGMForm_gender",,,,"0",
"https://mgm.ibos.io/config/employee/create","create:Employee Create","MGMForm_bloodGroup",,,,"0",
"https://mgm.ibos.io/config/employee/create","create:Employee Create","MGMForm_supervisor",,,,"0",
"https://mgm.ibos.io/config/employee/create","create:Employee Create","MGMForm_lineManager",,,,"0",
"https://mgm.ibos.io/config/employee/create","create:Employee Create / tab:Employee","react-select-mgm-input",,,,"0",
"https://mgm.ibos.io/config/employee/create","create:Employee Create / tab:Employee","MGMForm_designation",,,,"0",
"https://mgm.ibos.io/config/employee/create","create:Employee Create / tab:Employee","MGMForm_hrPosition",,,,"0",
"https://mgm.ibos.io/config/employee/create","create:Employee Create / tab:Employee","MGMForm_employeeType",,,,"0",
"https://mgm.ibos.io/config/employee/create","create:Employee Create / tab:Employee","MGMForm_assignOffice",,,,"0",
"https://mgm.ibos.io/config/employee/create","create:Employee Create / tab:Employee","MGMForm_serviceCategories",,,,"0",
"https://mgm.ibos.io/config/employee/create","create:Employee Create / tab:Employee","MGMForm_department",,,,"0",
"https://mgm.ibos.io/config/employee/create","create:Employee Create / tab:Employee","MGMForm_departmentSection",,,,"0",
"https://mgm.ibos.io/config/employee/create","create:Employee Create / tab:Employee","MGMForm_policy",,,,"0",
"https://mgm.ibos.io/config/employee/create","create:Employee Create / tab:Employee","MGMForm_religion",,,,"0",
"https://mgm.ibos.io/config/employee/create","create:Employee Create / tab:Employee","MGMForm_gender",,,,"0",
"https://mgm.ibos.io/config/employee/create","create:Employee Create / tab:Employee","MGMForm_bloodGroup",,,,"0",
"https://mgm.ibos.io/config/employee/create","create:Employee Create / tab:Employee","MGMForm_supervisor",,,,"0",
"https://mgm.ibos.io/config/employee/create","create:Employee Create / tab:Employee","MGMForm_lineManager",,,,"0",
"https://mgm.ibos.io/config/responsibilityTransfer/create","create:Create Transfer","react-select-mgm-input",,,,"0",
"https://mgm.ibos.io/config/responsibilityTransfer/create","create:Create Transfer","MGMForm_rows_0_fromUser",,,,"0",
"https://mgm.ibos.io/config/responsibilityTransfer/create","create:Create Transfer","MGMForm_rows_0_toUser",,,,"0",
"https://mgm.ibos.io/config/responsibilityTransfer/create","create:Create Transfer / tab:Responsibility Transfer","react-select-mgm-input",,,,"0",
"https://mgm.ibos.io/config/responsibilityTransfer/create","create:Create Transfer / tab:Responsibility Transfer","MGMForm_rows_0_fromUser",,,,"0",
"https://mgm.ibos.io/config/responsibilityTransfer/create","create:Create Transfer / tab:Responsibility Transfer","MGMForm_rows_0_toUser",,,,"0",
"https://mgm.ibos.io/config/warehouse/create","create:Create Warehouse","react-select-mgm-input",,,,"0",
"https://mgm.ibos.io/config/warehouse/create","create:Create Warehouse","MGMForm_branch",,,,"0",
"https://mgm.ibos.io/config/warehouse/create","create:Create Warehouse / tab:Warehouse","react-select-mgm-input",,,,"0",
"https://mgm.ibos.io/config/warehouse/create","create:Create Warehouse / tab:Warehouse","MGMForm_branch",,,,"0",
"https://mgm.ibos.io/hrAdmin/bonus/bonusGenerate","create:Create","react-select-mgm-input",,,,"0",
"https://mgm.ibos.io/hrAdmin/bonus/bonusGenerate","create:Create","bonusName",,,,"0",
"https://mgm.ibos.io/hrAdmin/bonus/bonusGenerate","create:Create","religion",,,,"0",
"https://mgm.ibos.io/hrAdmin/bonus/bonusGenerate","create:Create","office",,,,"0",
"https://mgm.ibos.io/hrAdmin/bonus/bonusGenerate","create:Create / tab:Bonus Advice","react-select-mgm-input",,,,"0",
"https://mgm.ibos.io/hrAdmin/bonus/bonusGenerate","create:Create / tab:Bonus Advice","bonusName",,,,"0",
"https://mgm.ibos.io/hrAdmin/bonus/bonusGenerate","create:Create / tab:Bonus Advice","religion",,,,"0",
"https://mgm.ibos.io/hrAdmin/bonus/bonusGenerate","create:Create / tab:Bonus Advice","office",,,,"0",
"https://mgm.ibos.io/hrAdmin/config/leave-create","create:New",,,,,"1",
"https://mgm.ibos.io/hrAdmin/config/leave-create","create:New / tab:Leave","react-select-mgm-input",,,,"0",
"https://mgm.ibos.io/hrAdmin/config/leave-create","create:New / tab:Leave","react-select-mgm-input",,,,"0",
"https://mgm.ibos.io/hrAdmin/config/leave-create","create:New / tab:Leave","react-select-mgm-input",,,,"0",
"https://mgm.ibos.io/hrAdmin/config/leave-create","create:New / tab:Leave","react-select-mgm-input",,,,"0",
"https://mgm.ibos.io/hrAdmin/config/sandwichLeave-create","create:New / tab:Sandwich Leave","react-select-mgm-input",,,,"0",
"https://mgm.ibos.io/hrAdmin/config/sandwichLeave-create","create:New / tab:Sandwich Leave","react-select-mgm-input",,,,"0",
"https://mgm.ibos.io/hrAdmin/config/sandwichLeave-create","create:New / tab:Sandwich Leave","react-select-mgm-input",,,,"0",
"https://mgm.ibos.io/inventory/audit/create","create:Create","react-select-mgm-input",,,,"0",
"https://mgm.ibos.io/inventory/audit/create","create:Create","react-select-mgm-input",,,,"0",
"https://mgm.ibos.io/inventory/auditSetup/create","create:Create","react-select-mgm-input",,,,"0",
"https://mgm.ibos.io/inventory/auditSetup/create","create:Create","react-select-mgm-input",,,,"0",
"https://mgm.ibos.io/inventory/auditSetup/create","create:Create","react-select-mgm-input",,,,"0",
"https://mgm.ibos.io/inventory/auditSetup/create","create:Create","react-select-mgm-input",,,,"0",
"https://mgm.ibos.io/inventory/auditSetup/create","create:Create","react-select-mgm-input",,,,"0",
"https://mgm.ibos.io/inventory/gateInOut/create","create:Create Get In Out","react-select-mgm-input",,,,"0",
"https://mgm.ibos.io/inventory/gateInOut/create","create:Create Get In Out","react-select-mgm-input",,,,"0",
"https://mgm.ibos.io/inventory/gateInOut/create","create:Create Get In Out","react-select-mgm-input",,,,"0",
"https://mgm.ibos.io/inventory/gateInOut/create","create:Create Get In Out","react-select-mgm-input",,,,"0",
"https://mgm.ibos.io/inventory/gateInOut/create","create:Create Get In Out","react-select-mgm-input",,,,"0",
"https://mgm.ibos.io/inventory/gateInOut/create","create:Create Get In Out","react-select-mgm-input",,,,"0",
"https://mgm.ibos.io/inventory/gateInOut/create","create:Create Get In Out / tab:GATE IN","react-select-mgm-input",,,,"0",
"https://mgm.ibos.io/inventory/gateInOut/create","create:Create Get In Out / tab:GATE IN","react-select-mgm-input",,,,"0",
"https://mgm.ibos.io/inventory/gateInOut/create","create:Create Get In Out / tab:GATE IN","react-select-mgm-input",,,,"0",
"https://mgm.ibos.io/inventory/gateInOut/create","create:Create Get In Out / tab:GATE IN","react-select-mgm-input",,,,"0",
"https://mgm.ibos.io/inventory/gateInOut/create","create:Create Get In Out / tab:GATE IN","react-select-mgm-input",,,,"0",
"https://mgm.ibos.io/inventory/gateInOut/create","create:Create Get In Out / tab:GATE IN","react-select-mgm-input",,,,"0",
"https://mgm.ibos.io/inventory/gateInOut/create","create:Create Get In Out / tab:GATE OUT","react-select-mgm-input",,,,"0",
"https://mgm.ibos.io/inventory/gateInOut/create","create:Create Get In Out / tab:GATE OUT","react-select-mgm-input",,,,"0",
"https://mgm.ibos.io/inventory/gateInOut/create","create:Create Get In Out / tab:GATE OUT","react-select-mgm-input",,,,"0",
"https://mgm.ibos.io/inventory/gateInOut/create","create:Create Get In Out / tab:GATE OUT","react-select-mgm-input",,,,"0",
"https://mgm.ibos.io/inventory/gateInOut/create","create:Create Get In Out / tab:GATE OUT","react-select-mgm-input",,,,"0",
"https://mgm.ibos.io/inventory/gateInOut/create","create:Create Get In Out / tab:GATE OUT","react-select-mgm-input",,,,"0",
"https://mgm.ibos.io/inventory/gateInOut/create","create:Create Get In Out / tab:VISITOR","react-select-mgm-input",,,,"0",
"https://mgm.ibos.io/inventory/gateInOut/create","create:Create Get In Out / tab:VISITOR","react-select-mgm-input",,,,"0",
"https://mgm.ibos.io/inventory/gateInOut/create","create:Create Get In Out / tab:VISITOR","react-select-mgm-input",,,,"0",
"https://mgm.ibos.io/inventory/gateInOut/create","create:Create Get In Out / tab:VISITOR","react-select-mgm-input",,,,"0",
"https://mgm.ibos.io/inventory/gateInOut/create","create:Create Get In Out / tab:VISITOR","react-select-mgm-input",,,,"0",
"https://mgm.ibos.io/inventory/gateInOut/create","create:Create Get In Out / tab:VISITOR","react-select-mgm-input",,,,"0",
"https://mgm.ibos.io/inventory/qcManagement/create","create:Create","react-select-mgm-input",,,,"0",
"https://mgm.ibos.io/inventory/qcManagement/create","create:Create","react-select-mgm-input",,,,"0",
"https://mgm.ibos.io/inventory/qcManagement/create","create:Create","react-select-mgm-input",,,,"0",
"https://mgm.ibos.io/inventory/qcManagement/create","create:Create","react-select-mgm-input",,,,"0",
"https://mgm.ibos.io/inventory/stock-adjustment","create:Create","react-select-mgm-input",,,,"0",
"https://mgm.ibos.io/inventory/stock-adjustment","create:Create","react-select-mgm-input",,,,"0",
"https://mgm.ibos.io/inventory/stock-adjustment","create:Create","react-select-mgm-input",,,,"0",
"https://mgm.ibos.io/inventory/stock-adjustment","create:Create","react-select-mgm-input",,,,"0",
"https://mgm.ibos.io/postcrm/serviceAgreement/create","create:CREATE SERVICE AGREEMENT","react-select-mgm-input",,,,"0",
"https://mgm.ibos.io/postcrm/serviceAgreement/create","create:CREATE SERVICE AGREEMENT","react-select-mgm-input",,,,"0",
"https://mgm.ibos.io/postcrm/serviceAgreement/create","create:CREATE SERVICE AGREEMENT","react-select-mgm-input",,,,"0",
"https://mgm.ibos.io/postcrm/serviceAgreement/create","create:CREATE SERVICE AGREEMENT","react-select-mgm-input",,,,"0",
"https://mgm.ibos.io/postcrm/serviceAgreement/create","create:CREATE SERVICE AGREEMENT","react-select-mgm-input",,,,"0",
"https://mgm.ibos.io/postcrm/serviceAgreement/create","create:CREATE SERVICE AGREEMENT","react-select-mgm-input",,,,"0",
"https://mgm.ibos.io/postcrm/serviceAgreement/create","create:CREATE SERVICE AGREEMENT","react-select-mgm-input",,,,"0",
"https://mgm.ibos.io/postcrm/serviceAgreement/create","create:CREATE SERVICE AGREEMENT","react-select-mgm-input",,,,"0",
"https://mgm.ibos.io/postcrm/serviceAgreement/create","create:CREATE SERVICE AGREEMENT","react-select-mgm-input",,,,"0",
"https://mgm.ibos.io/postcrm/serviceAgreement/create","create:CREATE SERVICE AGREEMENT","react-select-mgm-input",,,,"0",
"https://mgm.ibos.io/postcrm/serviceAgreement/create","create:CREATE SERVICE AGREEMENT","react-select-mgm-input",,,,"0",
"https://mgm.ibos.io/postcrm/serviceAgreement/create","create:CREATE SERVICE AGREEMENT","react-select-mgm-input",,,,"0",
"https://mgm.ibos.io/postcrm/serviceAgreement/create","create:CREATE SERVICE AGREEMENT","react-select-mgm-input",,,,"0",
"https://mgm.ibos.io/postcrm/serviceAgreement/create","create:CREATE SERVICE AGREEMENT","react-select-mgm-input",,,,"0",
"https://mgm.ibos.io/postcrm/serviceAgreement/create","create:CREATE SERVICE AGREEMENT / tab:SERVICE AGREEMENT","react-select-mgm-input",,,,"0",
"https://mgm.ibos.io/postcrm/serviceAgreement/create","create:CREATE SERVICE AGREEMENT / tab:SERVICE AGREEMENT","react-select-mgm-input",,,,"0",
"https://mgm.ibos.io/postcrm/serviceAgreement/create","create:CREATE SERVICE AGREEMENT / tab:SERVICE AGREEMENT","react-select-mgm-input",,,,"0",
"https://mgm.ibos.io/postcrm/serviceAgreement/create","create:CREATE SERVICE AGREEMENT / tab:SERVICE AGREEMENT","react-select-mgm-input",,,,"0",
"https://mgm.ibos.io/postcrm/serviceAgreement/create","create:CREATE SERVICE AGREEMENT / tab:SERVICE AGREEMENT","react-select-mgm-input",,,,"0",
"https://mgm.ibos.io/postcrm/serviceAgreement/create","create:CREATE SERVICE AGREEMENT / tab:SERVICE AGREEMENT","react-select-mgm-input",,,,"0",
"https://mgm.ibos.io/postcrm/serviceAgreement/create","create:CREATE SERVICE AGREEMENT / tab:SERVICE AGREEMENT","react-select-mgm-input",,,,"0",
"https://mgm.ibos.io/postcrm/serviceAgreement/create","create:CREATE SERVICE AGREEMENT / tab:SERVICE AGREEMENT","react-select-mgm-input",,,,"0",
"https://mgm.ibos.io/postcrm/serviceAgreement/create","create:CREATE SERVICE AGREEMENT / tab:SERVICE AGREEMENT","react-select-mgm-input",,,,"0",
"https://mgm.ibos.io/postcrm/serviceAgreement/create","create:CREATE SERVICE AGREEMENT / tab:SERVICE AGREEMENT","react-select-mgm-input",,,,"0",
"https://mgm.ibos.io/postcrm/serviceAgreement/create","create:CREATE SERVICE AGREEMENT / tab:SERVICE AGREEMENT","react-select-mgm-input",,,,"0",
"https://mgm.ibos.io/postcrm/serviceAgreement/create","create:CREATE SERVICE AGREEMENT / tab:SERVICE AGREEMENT","react-select-mgm-input",,,,"0",
"https://mgm.ibos.io/postcrm/serviceAgreement/create","create:CREATE SERVICE AGREEMENT / tab:SERVICE AGREEMENT","react-select-mgm-input",,,,"0",
"https://mgm.ibos.io/postcrm/serviceAgreement/create","create:CREATE SERVICE AGREEMENT / tab:SERVICE AGREEMENT","react-select-mgm-input",,,,"0",
"https://mgm.ibos.io/postcrm/serviceAgreement/create","create:CREATE SERVICE AGREEMENT / tab:SERVICE DUE","react-select-mgm-input",,,,"0",
"https://mgm.ibos.io/postcrm/serviceAgreement/create","create:CREATE SERVICE AGREEMENT / tab:SERVICE DUE","react-select-mgm-input",,,,"0",
"https://mgm.ibos.io/postcrm/serviceAgreement/create","create:CREATE SERVICE AGREEMENT / tab:SERVICE DUE","react-select-mgm-input",,,,"0",
"https://mgm.ibos.io/postcrm/serviceAgreement/create","create:CREATE SERVICE AGREEMENT / tab:SERVICE DUE","react-select-mgm-input",,,,"0",
"https://mgm.ibos.io/postcrm/serviceAgreement/create","create:CREATE SERVICE AGREEMENT / tab:SERVICE DUE","react-select-mgm-input",,,,"0",
"https://mgm.ibos.io/postcrm/serviceAgreement/create","create:CREATE SERVICE AGREEMENT / tab:SERVICE DUE","react-select-mgm-input",,,,"0",
"https://mgm.ibos.io/postcrm/serviceAgreement/create","create:CREATE SERVICE AGREEMENT / tab:SERVICE DUE","react-select-mgm-input",,,,"0",
"https://mgm.ibos.io/postcrm/serviceAgreement/create","create:CREATE SERVICE AGREEMENT / tab:SERVICE DUE","react-select-mgm-input",,,,"0",
"https://mgm.ibos.io/postcrm/serviceAgreement/create","create:CREATE SERVICE AGREEMENT / tab:SERVICE DUE","react-select-mgm-input",,,,"0",
"https://mgm.ibos.io/postcrm/serviceAgreement/create","create:CREATE SERVICE AGREEMENT / tab:SERVICE DUE","react-select-mgm-input",,,,"0",
"https://mgm.ibos.io/postcrm/serviceAgreement/create","create:CREATE SERVICE AGREEMENT / tab:SERVICE DUE","react-select-mgm-input",,,,"0",
"https://mgm.ibos.io/postcrm/serviceAgreement/create","create:CREATE SERVICE AGREEMENT / tab:SERVICE DUE","react-select-mgm-input",,,,"0",
"https://mgm.ibos.io/postcrm/serviceAgreement/create","create:CREATE SERVICE AGREEMENT / tab:SERVICE DUE","react-select-mgm-input",,,,"0",
"https://mgm.ibos.io/postcrm/serviceAgreement/create","create:CREATE SERVICE AGREEMENT / tab:SERVICE DUE","react-select-mgm-input",,,,"0",
"https://mgm.ibos.io/postcrm/warrantyManagement/create","create:Create","react-select-mgm-input",,,,"0",
"https://mgm.ibos.io/postcrm/warrantyManagement/create","create:Create","react-select-mgm-input",,,,"0",
"https://mgm.ibos.io/postcrm/warrantyManagement/create","create:Create","react-select-mgm-input",,,,"0",
"https://mgm.ibos.io/postcrm/warrantyManagement/create","create:Create","react-select-mgm-input",,,,"0",
"https://mgm.ibos.io/postcrm/warrantyManagement/create","create:Create","react-select-mgm-input",,,,"0",
"https://mgm.ibos.io/postcrm/warrantyManagement/create","create:Create","react-select-mgm-input",,,,"0",
"https://mgm.ibos.io/production/workCenter/form","create:New Work Center","react-select-mgm-input",,,,"0",
"https://mgm.ibos.io/production/workCenter/form","create:New Work Center","react-select-mgm-input",,,,"0",
"https://mgm.ibos.io/production/workCenter/form","create:New Work Center","react-select-mgm-input",,,,"0",
"https://mgm.ibos.io/production/workCenter/form","create:New Work Center","react-select-mgm-input",,,,"0",
"https://mgm.ibos.io/production/workCenter/form","create:New Work Center","react-select-mgm-input",,,,"0",
"https://mgm.ibos.io/purchase/purchaseOrder/foreign/create","create:Create Foreign Order","react-select-mgm-input",,,,"0",
"https://mgm.ibos.io/purchase/purchaseOrder/foreign/create","create:Create Foreign Order","react-select-mgm-input",,,,"0",
"https://mgm.ibos.io/purchase/purchaseOrder/foreign/create","create:Create Foreign Order","react-select-mgm-input",,,,"0",
"https://mgm.ibos.io/purchase/purchaseOrder/foreign/create","create:Create Foreign Order","react-select-mgm-input",,,,"0",
"https://mgm.ibos.io/purchase/purchaseOrder/foreign/create","create:Create Foreign Order","react-select-mgm-input",,,,"0",
"https://mgm.ibos.io/purchase/purchaseOrder/foreign/create","create:Create Foreign Order","react-select-mgm-input",,,,"0",
"https://mgm.ibos.io/purchase/purchaseOrder/foreign/create","create:Create Foreign Order / tab:FOREIGN PO","react-select-mgm-input",,,,"0",
"https://mgm.ibos.io/purchase/purchaseOrder/foreign/create","create:Create Foreign Order / tab:FOREIGN PO","react-select-mgm-input",,,,"0",
"https://mgm.ibos.io/purchase/purchaseOrder/foreign/create","create:Create Foreign Order / tab:FOREIGN PO","react-select-mgm-input",,,,"0",
"https://mgm.ibos.io/purchase/purchaseOrder/foreign/create","create:Create Foreign Order / tab:FOREIGN PO","react-select-mgm-input",,,,"0",
"https://mgm.ibos.io/purchase/purchaseOrder/foreign/create","create:Create Foreign Order / tab:FOREIGN PO","react-select-mgm-input",,,,"0",
"https://mgm.ibos.io/purchase/purchaseOrder/foreign/create","create:Create Foreign Order / tab:FOREIGN PO","react-select-mgm-input",,,,"0",
"https://mgm.ibos.io/purchase/purchaseOrder/indenting/create","create:Create Indenting Order / tab:INDENTING PO","react-select-mgm-input",,,,"0",
"https://mgm.ibos.io/purchase/purchaseOrder/indenting/create","create:Create Indenting Order / tab:INDENTING PO","react-select-mgm-input",,,,"0",
"https://mgm.ibos.io/purchase/purchaseOrder/indenting/create","create:Create Indenting Order / tab:INDENTING PO","react-select-mgm-input",,,,"0",
"https://mgm.ibos.io/purchase/purchaseOrder/indenting/create","create:Create Indenting Order / tab:INDENTING PO","react-select-mgm-input",,,,"0",
"https://mgm.ibos.io/purchase/purchaseOrder/indenting/create","create:Create Indenting Order / tab:INDENTING PO","react-select-mgm-input",,,,"0",
"https://mgm.ibos.io/purchase/purchaseOrder/indenting/create","create:Create Indenting Order / tab:INDENTING PO","react-select-mgm-input",,,,"0",
"https://mgm.ibos.io/purchase/purchaseOrder/indenting/create","create:Create Indenting Order / tab:INDENTING PO","react-select-mgm-input",,,,"0",
"https://mgm.ibos.io/purchase/purchaseOrder/local/create","create:Create Local Order / tab:LOCAL PO","react-select-mgm-input",,,,"0",
"https://mgm.ibos.io/purchase/purchaseOrder/local/create","create:Create Local Order / tab:LOCAL PO","react-select-mgm-input",,,,"0",
"https://mgm.ibos.io/purchase/purchaseOrder/local/create","create:Create Local Order / tab:LOCAL PO","react-select-mgm-input",,,,"0",
"https://mgm.ibos.io/purchase/purchaseOrder/local/create","create:Create Local Order / tab:LOCAL PO","react-select-mgm-input",,,,"0",
"https://mgm.ibos.io/purchase/purchaseOrder/local/create","create:Create Local Order / tab:LOCAL PO","react-select-mgm-input",,,,"0",
"https://mgm.ibos.io/purchase/purchaseOrder/local/create","create:Create Local Order / tab:LOCAL PO","react-select-mgm-input",,,,"0",
"https://mgm.ibos.io/purchase/purchaseOrder/local/create","create:Create Local Order / tab:LOCAL PO","react-select-mgm-input",,,,"0",
"https://mgm.ibos.io/purchase/purchaseOrder/local/create","create:Create Local Order / tab:LOCAL PO","react-select-mgm-input",,,,"0",
"https://mgm.ibos.io/purchase/purchaseOrder/local/create","create:Create Local Order / tab:LOCAL PO","react-select-mgm-input",,,,"0",
"https://mgm.ibos.io/purchase/quotationEntry/create","create:Create Quotation Entry","react-select-mgm-input",,,,"0",
"https://mgm.ibos.io/purchase/quotationEntry/create","create:Create Quotation Entry","react-select-mgm-input",,,,"0",
"https://mgm.ibos.io/purchase/quotationEntry/create","create:Create Quotation Entry","react-select-mgm-input",,,,"0",
"https://mgm.ibos.io/purchase/quotationEntry/create","create:Create Quotation Entry","react-select-mgm-input",,,,"0",
"https://mgm.ibos.io/purchase/quotationEntry/create","create:Create Quotation Entry","react-select-mgm-input",,,,"0",
"https://mgm.ibos.io/purchase/rfq/create","create:Create RFQ","react-select-mgm-input",,,,"0",
"https://mgm.ibos.io/purchase/rfq/create","create:Create RFQ","react-select-mgm-input",,,,"0",
"https://mgm.ibos.io/purchase/rfq/create","create:Create RFQ","react-select-mgm-input",,,,"0",
"https://mgm.ibos.io/purchase/rfq/create","create:Create RFQ","react-select-mgm-input",,,,"0",
"https://mgm.ibos.io/purchase/rfq/create","create:Create RFQ","react-select-mgm-input",,,,"0",
"https://mgm.ibos.io/purchase/rfq/create","create:Create RFQ","react-select-mgm-input",,,,"0",
"https://mgm.ibos.io/purchase/rfq/create","create:Create RFQ","react-select-mgm-input",,,,"0",
"https://mgm.ibos.io/purchase/rfq/create","create:Create RFQ","react-select-mgm-input",,,,"0",
"https://mgm.ibos.io/purchase/rfq/create","create:Create RFQ","react-select-mgm-input",,,,"0",
"https://mgm.ibos.io/purchase/rfq/create","create:Create RFQ","react-select-mgm-input",,,,"0",
"https://mgm.ibos.io/purchase/rfq/create","create:Create RFQ","react-select-mgm-input",,,,"0",
"https://mgm.ibos.io/sales/fieldCollection/create","create:Create Collection","react-select-mgm-input",,,,"0",
"https://mgm.ibos.io/sales/fieldCollection/create","create:Create Collection","react-select-mgm-input",,,,"0",
"https://mgm.ibos.io/sales/fieldCollection/create","create:Create Collection","react-select-mgm-input",,,,"0",
"https://mgm.ibos.io/sales/fieldCollection/create","create:Create Collection","react-select-mgm-input",,,,"0",
"https://mgm.ibos.io/sales/fieldCollection/create","create:Create Collection","react-select-mgm-input",,,,"0",
"https://mgm.ibos.io/sales/fieldCollection/create","create:Create Collection","react-select-mgm-input",,,,"0",
"https://mgm.ibos.io/sales/fieldCollection/create","create:Create Collection","react-select-mgm-input",,,,"0",
"https://mgm.ibos.io/sales/fieldCollection/create","create:Create Collection / tab:FIELD COLLECTION","react-select-mgm-input",,,,"0",
"https://mgm.ibos.io/sales/fieldCollection/create","create:Create Collection / tab:FIELD COLLECTION","react-select-mgm-input",,,,"0",
"https://mgm.ibos.io/sales/fieldCollection/create","create:Create Collection / tab:FIELD COLLECTION","react-select-mgm-input",,,,"0",
"https://mgm.ibos.io/sales/fieldCollection/create","create:Create Collection / tab:FIELD COLLECTION","react-select-mgm-input",,,,"0",
"https://mgm.ibos.io/sales/fieldCollection/create","create:Create Collection / tab:FIELD COLLECTION","react-select-mgm-input",,,,"0",
"https://mgm.ibos.io/sales/fieldCollection/create","create:Create Collection / tab:FIELD COLLECTION","react-select-mgm-input",,,,"0",
"https://mgm.ibos.io/sales/fieldCollection/create","create:Create Collection / tab:FIELD COLLECTION","react-select-mgm-input",,,,"0",
"https://mgm.ibos.io/sales/goodsSales","create:Create Reason / tab:APPROVED SO","react-select-mgm-input",,,,"0",
"https://mgm.ibos.io/sales/goodsSales","create:Create Reason / tab:APPROVED SO","react-select-mgm-input",,,,"0",
"https://mgm.ibos.io/sales/goodsSales","create:Create Reason / tab:APPROVED SO","react-select-mgm-input",,,,"0",
"https://mgm.ibos.io/sales/goodsSales","create:Create Reason / tab:APPROVED SO","react-select-mgm-input",,,,"0",
"https://mgm.ibos.io/sales/goodsSales","create:Create Reason / tab:APPROVED SO","react-select-mgm-input",,,,"0",
"https://mgm.ibos.io/sales/goodsSales","create:Create Reason / tab:APPROVED SO","react-select-mgm-input",,,,"0",
"https://mgm.ibos.io/sales/goodsSales","create:Create Reason / tab:APPROVED SO","react-select-mgm-input",,,,"0",
"https://mgm.ibos.io/sales/goodsSales","create:Create Reason / tab:APPROVED SO","react-select-mgm-input",,,,"0",
"https://mgm.ibos.io/sales/goodsSales","create:Create Reason / tab:APPROVED SO","react-select-mgm-input",,,,"0",
"https://mgm.ibos.io/sales/SalesCollection/newBillCreate","create:Create Bill","react-select-mgm-input",,,,"0",
"https://mgm.ibos.io/sales/SalesCollection/newBillCreate","create:Create Bill","react-select-mgm-input",,,,"0",
"https://mgm.ibos.io/sales/SalesCollection/newBillCreate","create:Create Bill","react-select-mgm-input",,,,"0",
"https://mgm.ibos.io/sales/SalesCollection/newBillCreate","create:Create Bill","react-select-mgm-input",,,,"0",
"https://mgm.ibos.io/sales/SalesCollection/newBillCreate","create:Create Bill","react-select-mgm-input",,,,"0",
"https://mgm.ibos.io/sales/SalesCollection/newBillCreate","create:Create Bill / tab:ADVANCE COLLECTION","react-select-mgm-input",,,,"0",
"https://mgm.ibos.io/sales/SalesCollection/newBillCreate","create:Create Bill / tab:ADVANCE COLLECTION","react-select-mgm-input",,,,"0",
"https://mgm.ibos.io/sales/SalesCollection/newBillCreate","create:Create Bill / tab:ADVANCE COLLECTION","react-select-mgm-input",,,,"0",
"https://mgm.ibos.io/sales/SalesCollection/newBillCreate","create:Create Bill / tab:ADVANCE COLLECTION","react-select-mgm-input",,,,"0",
"https://mgm.ibos.io/sales/SalesCollection/newBillCreate","create:Create Bill / tab:ADVANCE COLLECTION","react-select-mgm-input",,,,"0",
"https://mgm.ibos.io/sales/SalesCollection/newBillCreate","create:Create Bill / tab:COLLECTED INVOICE","react-select-mgm-input",,,,"0",
"https://mgm.ibos.io/sales/SalesCollection/newBillCreate","create:Create Bill / tab:COLLECTED INVOICE","react-select-mgm-input",,,,"0",
"https://mgm.ibos.io/sales/SalesCollection/newBillCreate","create:Create Bill / tab:COLLECTED INVOICE","react-select-mgm-input",,,,"0",
"https://mgm.ibos.io/sales/SalesCollection/newBillCreate","create:Create Bill / tab:COLLECTED INVOICE","react-select-mgm-input",,,,"0",
"https://mgm.ibos.io/sales/SalesCollection/newBillCreate","create:Create Bill / tab:COLLECTED INVOICE","react-select-mgm-input",,,,"0",
"https://mgm.ibos.io/sales/SalesCollection/newBillCreate","create:Create Bill / tab:DUE BILL","react-select-mgm-input",,,,"0",
"https://mgm.ibos.io/sales/SalesCollection/newBillCreate","create:Create Bill / tab:DUE BILL","react-select-mgm-input",,,,"0",
"https://mgm.ibos.io/sales/SalesCollection/newBillCreate","create:Create Bill / tab:DUE BILL","react-select-mgm-input",,,,"0",
"https://mgm.ibos.io/sales/SalesCollection/newBillCreate","create:Create Bill / tab:DUE BILL","react-select-mgm-input",,,,"0",
"https://mgm.ibos.io/sales/SalesCollection/newBillCreate","create:Create Bill / tab:DUE BILL","react-select-mgm-input",,,,"0",
"https://mgm.ibos.io/sales/SalesCollection/newBillCreate","create:Create Bill / tab:DUE INVOICE REPORT","react-select-mgm-input",,,,"0",
"https://mgm.ibos.io/sales/SalesCollection/newBillCreate","create:Create Bill / tab:DUE INVOICE REPORT","react-select-mgm-input",,,,"0",
"https://mgm.ibos.io/sales/SalesCollection/newBillCreate","create:Create Bill / tab:DUE INVOICE REPORT","react-select-mgm-input",,,,"0",
"https://mgm.ibos.io/sales/SalesCollection/newBillCreate","create:Create Bill / tab:DUE INVOICE REPORT","react-select-mgm-input",,,,"0",
"https://mgm.ibos.io/sales/SalesCollection/newBillCreate","create:Create Bill / tab:DUE INVOICE REPORT","react-select-mgm-input",,,,"0",
"https://mgm.ibos.io/sales/SalesCollection/newBillCreate","create:Create Bill / tab:DUE LIST","react-select-mgm-input",,,,"0",
"https://mgm.ibos.io/sales/SalesCollection/newBillCreate","create:Create Bill / tab:DUE LIST","react-select-mgm-input",,,,"0",
"https://mgm.ibos.io/sales/SalesCollection/newBillCreate","create:Create Bill / tab:DUE LIST","react-select-mgm-input",,,,"0",
"https://mgm.ibos.io/sales/SalesCollection/newBillCreate","create:Create Bill / tab:DUE LIST","react-select-mgm-input",,,,"0",
"https://mgm.ibos.io/sales/SalesCollection/newBillCreate","create:Create Bill / tab:DUE LIST","react-select-mgm-input",,,,"0",
"https://mgm.ibos.io/sales/salesQuotation/create","create:Create Quotation","react-select-mgm-input",,,,"0",
"https://mgm.ibos.io/sales/salesQuotation/create","create:Create Quotation","react-select-mgm-input",,,,"0",
"https://mgm.ibos.io/sales/salesQuotation/create","create:Create Quotation","react-select-mgm-input",,,,"0",
"https://mgm.ibos.io/sales/salesQuotation/create","create:Create Quotation","react-select-mgm-input",,,,"0",
"https://mgm.ibos.io/sales/salesQuotation/create","create:Create Quotation","react-select-mgm-input",,,,"0",
"https://mgm.ibos.io/sales/salesQuotation/create","create:Create Quotation","react-select-mgm-input",,,,"0",
"https://mgm.ibos.io/sales/salesQuotation/create","create:Create Quotation","react-select-mgm-input",,,,"0",
