"Module","URL","Title","BodyCharacters","Controls","Tables","TableRows","Comboboxes","TabStates","CaptureStatus"
"home","https://mgm.ibos.io/","MANAGERIUM","2628","7","0","0","1","0","captured"
"accounts","https://mgm.ibos.io/accounts/accDashboard","Account Dashboard","3903","12","1","31","2","0","captured"
"accounts","https://mgm.ibos.io/accounts/bankAccount","Regular Banking","2557","34","1","5","3","5","captured"
"accounts","https://mgm.ibos.io/accounts/budgetSetup","Budget Landing","2502","27","2","4","2","1","captured"
"accounts","https://mgm.ibos.io/accounts/businessTransaction","Accounting Journal","2033","11","0","0","1","3","captured"
"accounts","https://mgm.ibos.io/accounts/centerSetup","Center Setup","2139","17","1","1","3","0","captured"
"accounts","https://mgm.ibos.io/accounts/chequeDesign","Expense Report","2079","18","1","2","3","0","captured"
"accounts","https://mgm.ibos.io/accounts/chequeIssue","Expense Report","2021","12","0","0","3","0","captured"
"accounts","https://mgm.ibos.io/accounts/chequeSetup","Cheque Setup","2124","19","0","0","2","4","captured"
"accounts","https://mgm.ibos.io/accounts/expenseIncomeHead","Chart Of Accounts","2104","15","1","1","2","3","captured"
"accounts","https://mgm.ibos.io/accounts/expenseOrAdvance","Expense/Advance","2041","19","0","0","2","4","captured"
"accounts","https://mgm.ibos.io/accounts/financialReport","Ledger Report","2143","21","0","0","5","0","captured"
"accounts","https://mgm.ibos.io/accounts/fundTransfer","Fund Transfer","2372","23","1","2","3","5","captured"
"accounts","https://mgm.ibos.io/accounts/lcmargin","LC Margin","2010","14","0","0","1","2","captured"
"accounts","https://mgm.ibos.io/accounts/othersReport","Vat and Tax Register Report","2086","16","0","0","2","0","captured"
"accounts","https://mgm.ibos.io/accounts/Project","Project Accounting","2115","22","0","0","4","3","captured"
"asset","https://mgm.ibos.io/asset/assetAssign","Asset - Asset Assign","2296","20","3","5","2","1","captured"
"asset","https://mgm.ibos.io/asset/assetDashboard","Asset - Asset Dashboard","2131","7","0","0","1","0","captured"
"asset","https://mgm.ibos.io/asset/assetDepreciation","Asset - Depreciation","2201","17","2","3","1","1","captured"
"asset","https://mgm.ibos.io/asset/assetDisposal","Asset - Disposal","2196","18","2","3","1","3","captured"
"asset","https://mgm.ibos.io/asset/assetMaintenance","Asset Maintenance","2184","16","2","3","1","1","captured"
"asset","https://mgm.ibos.io/asset/assetRegister","Asset Management - Asset Registration","2507","24","2","3","5","3","captured"
"asset","https://mgm.ibos.io/asset/assetReport","Asset - Asset Report","2561","22","2","3","5","1","captured"
"commonapproval","https://mgm.ibos.io/commonapproval","Approval","3650","7","0","0","1","0","captured"
"config","https://mgm.ibos.io/config/approvalsetup","Configuration - Approval Setup","2215","19","2","3","1","1","captured"
"config","https://mgm.ibos.io/config/custoemerProfile","Customer Profile","3270","44","2","8","5","2","captured"
"config","https://mgm.ibos.io/config/employee","Configuration - Employee List","3596","79","2","11","4","1","captured"
"config","https://mgm.ibos.io/config/item","Configuration - Item","12986","271","2","63","6","2","captured"
"config","https://mgm.ibos.io/config/otherPartnerProfile","Partner","2172","21","0","0","4","4","captured"
"config","https://mgm.ibos.io/config/profile","Configuration - Company Profile","2804","36","2","4","1","0","captured"
"config","https://mgm.ibos.io/config/responsibilityTransfer","Configuration - Responsibility Transfer","2232","21","2","3","3","1","captured"
"config","https://mgm.ibos.io/config/supplierProfile","Supplier Profile","2121","21","0","0","5","0","captured"
"config","https://mgm.ibos.io/config/userGroup","Configuration - User Group","2120","16","2","3","1","1","captured"
"config","https://mgm.ibos.io/config/warehouse","MANAGERIUM","6160","67","2","52","1","1","captured"
"hrAdmin","https://mgm.ibos.io/hrAdmin/acknowledgementLetter","HR - Acknowledgement & Issue","2415","30","2","4","4","1","captured"
"hrAdmin","https://mgm.ibos.io/hrAdmin/attendance","HR - Daily Attendance","2512","21","1","3","4","1","captured"
"hrAdmin","https://mgm.ibos.io/hrAdmin/bonus","Bonus Advice","2022","13","0","0","2","2","captured"
"hrAdmin","https://mgm.ibos.io/hrAdmin/calendarAssign","HR - Dynamic Calendar","2202","23","0","0","6","1","captured"
"hrAdmin","https://mgm.ibos.io/hrAdmin/config","Configuration/Policies","2243","32","1","1","1","12","captured"
"hrAdmin","https://mgm.ibos.io/hrAdmin/dashboard","HR - Dashboard","3602","10","1","2","3","0","captured"
"hrAdmin","https://mgm.ibos.io/hrAdmin/increment","HR - Increment","2085","21","0","0","3","1","captured"
"hrAdmin","https://mgm.ibos.io/hrAdmin/leave&Movement","Leave & Movement","2289","33","3","6","3","2","captured"
"hrAdmin","https://mgm.ibos.io/hrAdmin/overtime","HR - Overtime","2155","10","2","3","1","1","captured"
"hrAdmin","https://mgm.ibos.io/hrAdmin/pendingApproval","HR - Pending Approval","2011","11","0","0","2","1","captured"
"hrAdmin","https://mgm.ibos.io/hrAdmin/profile","HR - Basic Information","2241","11","2","3","1","1","captured"
"hrAdmin","https://mgm.ibos.io/hrAdmin/report","HR Report","1990","10","0","0","2","0","captured"
"hrAdmin","https://mgm.ibos.io/hrAdmin/salaryDisbursment","Advice","2117","19","0","0","4","2","captured"
"hrAdmin","https://mgm.ibos.io/hrAdmin/salarySheet","Payroll","2106","20","0","0","4","1","captured"
"hrAdmin","https://mgm.ibos.io/hrAdmin/selfService","HR - Self Service","2411","29","2","4","4","1","captured"
"inventory","https://mgm.ibos.io/inventory/audit","Stock Audit","2040","16","0","0","3","0","captured"
"inventory","https://mgm.ibos.io/inventory/auditSetup","Audit Setup","2040","16","0","0","3","0","captured"
"inventory","https://mgm.ibos.io/inventory/gateInOut","Gate In Out","2030","16","0","0","1","3","captured"
"inventory","https://mgm.ibos.io/inventory/invDashboard","Inventory Dashboard","2539","16","1","5","4","0","captured"
"inventory","https://mgm.ibos.io/inventory/inventoryReport","Inventory Report","2226","31","0","0","7","0","captured"
"inventory","https://mgm.ibos.io/inventory/InvRequisition","Store Requisition","3318","52","1","13","2","2","captured"
"inventory","https://mgm.ibos.io/inventory/InvRequisitionIssue","Store Issue","2044","15","0","0","1","2","captured"
"inventory","https://mgm.ibos.io/inventory/Item-stock-convertion","Item Stock Conversion","2272","23","0","0","5","2","captured"
"inventory","https://mgm.ibos.io/inventory/qcManagement","Quality Control","2025","13","0","0","1","0","captured"
"inventory","https://mgm.ibos.io/inventory/request","Request Summery","2136","15","1","1","1","3","captured"
"inventory","https://mgm.ibos.io/inventory/stock-adjustment","Stock Adjustment","2054","19","0","0","4","0","captured"
"inventory","https://mgm.ibos.io/inventory/transfer","Transfer","2318","28","0","0","5","5","captured"
"inventory","https://mgm.ibos.io/inventory/transferOutReceive","MANAGERIUM","2009","11","0","0","2","0","captured"
"multi-level-approval","https://mgm.ibos.io/multi-level-approval","Approval","1978","8","0","0","1","0","captured"
"postcrm","https://mgm.ibos.io/postcrm/campaign","Page not found","2100","9","0","0","1","0","captured"
"postcrm","https://mgm.ibos.io/postcrm/complainManagement","Complain","3316","20","1","51","5","0","captured"
"postcrm","https://mgm.ibos.io/postcrm/configuration","MANAGERIUM","2004","11","0","0","1","4","captured"
"postcrm","https://mgm.ibos.io/postcrm/crmReport","Page not found","2101","9","0","0","1","0","captured"
"postcrm","https://mgm.ibos.io/postcrm/crmReports","CRM Report","2065","14","0","0","4","0","captured"
"postcrm","https://mgm.ibos.io/postcrm/emailConfig","Page not found","2103","9","0","0","1","0","captured"
"postcrm","https://mgm.ibos.io/postcrm/preSuspect","Page not found","2102","9","0","0","1","0","captured"
"postcrm","https://mgm.ibos.io/postcrm/rejectLeadQC","Page not found","2104","9","0","0","1","0","captured"
"postcrm","https://mgm.ibos.io/postcrm/salesTarget","Page not found","2103","9","0","0","1","0","captured"
"postcrm","https://mgm.ibos.io/postcrm/salesTargetEmployeeWise","Page not found","2115","9","0","0","1","0","captured"
"postcrm","https://mgm.ibos.io/postcrm/serviceAgreement","Service Agreement","2033","12","0","0","1","2","captured"
"postcrm","https://mgm.ibos.io/postcrm/stageTarget","Page not found","2103","9","0","0","1","0","captured"
"postcrm","https://mgm.ibos.io/postcrm/ticket","Ticket","0","0","0","0","0","0","blank-after-retries"
"postcrm","https://mgm.ibos.io/postcrm/warrantyManagement","Service & Warranty","2122","15","1","1","4","0","captured"
"production","https://mgm.ibos.io/production/billOfMaterial","Bill Of Material","2519","34","1","4","5","0","captured"
"production","https://mgm.ibos.io/production/productionDashboard","Production Dashboard","2179","7","0","0","1","0","captured"
"production","https://mgm.ibos.io/production/productionEntry","Production Entry","3112","27","1","7","2","2","captured"
"production","https://mgm.ibos.io/production/productionOrder","MANAGERIUM","3505","42","1","14","3","0","captured"
"production","https://mgm.ibos.io/production/productionReport","Production Report","1994","11","0","0","1","1","captured"
"production","https://mgm.ibos.io/production/workCenter","MANAGERIUM","2386","28","1","3","5","0","captured"
"purchase","https://mgm.ibos.io/purchase/cs","Comparative Statement","2074","17","0","0","2","3","captured"
"purchase","https://mgm.ibos.io/purchase/goodsReceive","Purchase Receive","2293","25","1","1","5","2","captured"
"purchase","https://mgm.ibos.io/purchase/invoice","Purchase Payment","2218","23","0","0","1","1","captured"
"purchase","https://mgm.ibos.io/purchase/purchase","Purchase Report","2078","19","0","0","3","2","captured"
"purchase","https://mgm.ibos.io/purchase/purchaseAnalytics","Purchase Analytics","2087","16","0","0","1","1","captured"
"purchase","https://mgm.ibos.io/purchase/purchaseDashboard","Purchase Dashboard","3159","20","0","0","3","0","captured"
"purchase","https://mgm.ibos.io/purchase/purchaseOrder","Purchase Order","2309","24","1","1","4","5","captured"
"purchase","https://mgm.ibos.io/purchase/purchaseRequisition","Purchase Requisition","2185","28","0","0","7","2","captured"
"purchase","https://mgm.ibos.io/purchase/purchaseReturn","Purchase Return","2014","12","0","0","1","2","captured"
"purchase","https://mgm.ibos.io/purchase/quotationEntry","Quotation Entry","2035","15","0","0","2","0","captured"
"purchase","https://mgm.ibos.io/purchase/rfq","Request For Quotation","2042","15","0","0","2","0","captured"
"sales","https://mgm.ibos.io/sales/deliverySchedule","Delivery Schedule","2969","11","1","51","1","1","captured"
"sales","https://mgm.ibos.io/sales/fieldCollection","Field Collection","2981","50","1","9","5","2","captured"
"sales","https://mgm.ibos.io/sales/goodsSales","Sales Delivery","7273","144","1","29","10","4","captured"
"sales","https://mgm.ibos.io/sales/sales","Sales Report","1983","8","0","0","2","0","captured"
"sales","https://mgm.ibos.io/sales/salesAnalytics","Sales Analytics & Reports","2131","17","0","0","3","0","captured"
"sales","https://mgm.ibos.io/sales/SalesCollection","Sales Collection","2158","23","0","0","2","6","captured"
"sales","https://mgm.ibos.io/sales/salesDashboard","Sales Dashboard","3074","10","0","0","1","0","captured"
"sales","https://mgm.ibos.io/sales/salesOrder","Sales Configuration","0","0","0","0","0","0","blank-after-retries"
"sales","https://mgm.ibos.io/sales/salesQuotation","Sales Quotation","2527","36","1","7","4","0","captured"
"sales","https://mgm.ibos.io/sales/salesReturn","Sales Return","2025","13","0","0","1","3","captured"
"sales","https://mgm.ibos.io/sales/target","Sales Configuration","2167","23","0","0","3","6","captured"
