"URL","Context","TableIndex","Rows","Columns","FirstRow"
"https://mgm.ibos.io/accounts/accDashboard","base","0","31","5","SL | Ratio Name | Std Ratio | Act Ratio | Matric"
"https://mgm.ibos.io/accounts/bankAccount","base","0","5","7","SL | Bank Name | Branch Name | Account Holder | Account Type | Account No | Action"
"https://mgm.ibos.io/accounts/budgetSetup","base","0","1","11"," | SL | Action | Budget Code | Create Date | Budget Year | Budget Name | Budget Type | Total Budget Amount | Status | "
"https://mgm.ibos.io/accounts/budgetSetup","base","1","3","10"," | SL | Action | Budget Code | Create Date | Budget Year | Budget Name | Budget Type | Total Budget Amount | Status"
"https://mgm.ibos.io/accounts/centerSetup","base","0","1","9","SL | Create Date | Office Name | Type | Center Code | Center Name | Description | Created By | Action"
"https://mgm.ibos.io/accounts/chequeDesign","base","0","2","5","SL | Bank Name | Width | Height | Action"
"https://mgm.ibos.io/accounts/expenseIncomeHead","base","0","1","6","SL | Code | Description | Amount | Account Type | Action"
"https://mgm.ibos.io/accounts/fundTransfer","base","0","2","11","SL | Pay Date | Req Code | Out Code | From/Sending Office | Req./Receive Office | Responsible Person | Sent Amount | Received Amount | Remaining Amount | In/Receive"
"https://mgm.ibos.io/asset/assetAssign","base","0","1","7","SL | Action | Asset Register Code | Asset Name | Assign To (Employee/Department) | Assigned Date | "
"https://mgm.ibos.io/asset/assetAssign","base","1","2","6","SL | Action | Asset Register Code | Asset Name | Assign To (Employee/Department) | Assigned Date"
"https://mgm.ibos.io/asset/assetAssign","base","2","2","5","SL | Asset Register Code | Asset Item Name | Assign To (Employee/Department) | Assigned Date"
"https://mgm.ibos.io/asset/assetDepreciation","base","0","1","6"," | SL | Depreciation Run Date | Depreciation Run By | Total Depreciation | "
"https://mgm.ibos.io/asset/assetDepreciation","base","1","2","5"," | SL | Depreciation Run Date | Depreciation Run By | Total Depreciation"
"https://mgm.ibos.io/asset/assetDisposal","base","0","1","8","SL | Date | Customer | Total Amount | Rece. Amount | Pending Amount | Action | "
"https://mgm.ibos.io/asset/assetDisposal","base","1","2","7","SL | Date | Customer | Total Amount | Rece. Amount | Pending Amount | Action"
"https://mgm.ibos.io/asset/assetMaintenance","base","0","1","8","SL | Action | Asset Register Code | Asset Name | From Date | To Date | Cost | "
"https://mgm.ibos.io/asset/assetMaintenance","base","1","2","7","SL | Action | Asset Register Code | Asset Name | From Date | To Date | Cost"
"https://mgm.ibos.io/asset/assetRegister","base","0","1","15","Code | Asset | Division | Category | Sub Category | Minor Category | Identifier | Identifier Value | Reg.Date | Book Value | Tot.Depr | Tot.Maint. | Status | Edit | "
"https://mgm.ibos.io/asset/assetRegister","base","1","2","14","Code | Asset | Division | Category | Sub Category | Minor Category | Identifier | Identifier Value | Reg.Date | Book Value | Tot.Depr | Tot.Maint. | Status | Edit"
"https://mgm.ibos.io/asset/assetReport","base","0","1","17","SL | Code | Asset | Identification | Assign To | Division | Category | Sub Category | Life Time (Year) | Warranty Start Date | Warranty End Date | Book Value | Total Depr. Amount | Rece. Value | #Maint. | ৳ Maint. | "
"https://mgm.ibos.io/asset/assetReport","base","1","2","16","SL | Code | Asset | Identification | Assign To | Division | Category | Sub Category | Life Time (Year) | Warranty Start Date | Warranty End Date | Book Value | Total Depr. Amount | Rece. Value | #Maint. | ৳ Maint."
"https://mgm.ibos.io/config/approvalsetup","base","0","1","6","SL | Action | Pipeline Name | Super Approver | Feature Name | "
"https://mgm.ibos.io/config/approvalsetup","base","1","2","5","SL | Action | Pipeline Name | Super Approver | Feature Name"
"https://mgm.ibos.io/config/custoemerProfile","base","0","1","16","SL | Action | Partner Code | Partner Name | Create Date | Partner Billing Name | Partner Group | Partner Sub Group | Billing Phone No | Other Phone No | Created Office | Billing Address | Credit Limit | Type | Status | "
"https://mgm.ibos.io/config/custoemerProfile","base","1","7","15","SL | Action | Partner Code | Partner Name | Create Date | Partner Billing Name | Partner Group | Partner Sub Group | Billing Phone No | Other Phone No | Created Office | Billing Address | Credit Limit | Type | Status"
"https://mgm.ibos.io/config/employee","base","0","1","17","SL | Action | Employee Id | Attendance Id | Employee Name | Designation | Department | Office Name | Joining Date | Termination Date | Mobile/User | Type | User Role | Last Action By | Last Action Time | Status | "
"https://mgm.ibos.io/config/employee","base","1","10","16","SL | Action | Employee Id | Attendance Id | Employee Name | Designation | Department | Office Name | Joining Date | Termination Date | Mobile/User | Type | User Role | Last Action By | Last Action Time | Status"
"https://mgm.ibos.io/config/item","base","0","1","26","SL | Action | Status | Date | Code | Barcode | Printed Item Code | Item Name | Item Type | Item Division | Category | Sub Category | Minor Category | Brand | UoM | Net Weight Unit | Current Stock | Selling Price | Retail Price | Dealer Price | Trading Price | Purchase Price | Last Cost | Avg Cost | VAT % | "
"https://mgm.ibos.io/config/item","base","1","62","25","SL | Action | Status | Date | Code | Barcode | Printed Item Code | Item Name | Item Type | Item Division | Category | Sub Category | Minor Category | Brand | UoM | Net Weight Unit | Current Stock | Selling Price | Retail Price | Dealer Price | Trading Price | Purchase Price | Last Cost | Avg Cost | VAT %"
"https://mgm.ibos.io/config/profile","base","0","2","8","SL | Terms and Conditions | Default | Sales Quotation | Sales Order | Sales Delivery | Proforma Invoice | "
"https://mgm.ibos.io/config/profile","base","1","2","7","SL | Terms and Conditions | Default | Request for quotation | Purchase Order | Purchase Receive | "
"https://mgm.ibos.io/config/responsibilityTransfer","base","0","1","7","SL | Action | From User | To User | From Date | To Date | "
"https://mgm.ibos.io/config/responsibilityTransfer","base","1","2","6","SL | Action | From User | To User | From Date | To Date"
"https://mgm.ibos.io/config/userGroup","base","0","1","4","SL | Action | User Group Name | "
"https://mgm.ibos.io/config/userGroup","base","1","2","3","SL | Action | User Group Name"
"https://mgm.ibos.io/config/warehouse","base","0","1","8","SL | Action | Code | Warehouse | Address | Branch | Office | "
"https://mgm.ibos.io/config/warehouse","base","1","51","7","SL | Action | Code | Warehouse | Address | Branch | Office"
"https://mgm.ibos.io/hrAdmin/acknowledgementLetter","base","0","1","10","SL | Action | Request No | Office | Employee | Service Type | Applied Date | Status | Issued By | "
"https://mgm.ibos.io/hrAdmin/acknowledgementLetter","base","1","3","9","SL | Action | Request No | Office | Employee | Service Type | Applied Date | Status | Issued By"
"https://mgm.ibos.io/hrAdmin/attendance","base","0","3","19"," | SL | Action | Employee Code | Employee | Designation | Department | Department Section | Date | Day | Calendar | In-Time | Out-Time | In-Time Location | Out-Time Location | Actual Attendance | Request Attendance | Remarks | Approval Status"
"https://mgm.ibos.io/hrAdmin/config","base","0","1","5","SL | Employee Type | Leave Type | No. of Days | Action"
"https://mgm.ibos.io/hrAdmin/dashboard","base","0","2","4","Leave Type | Remaining | Taken | Quota"
"https://mgm.ibos.io/hrAdmin/leave&Movement","base","0","2","4","Leave Type | Remaining | Taken | Quota"
"https://mgm.ibos.io/hrAdmin/leave&Movement","base","1","2","8","Leave Type | Reason | From Date | To Date | Application Date | Approved by | Status | Action"
"https://mgm.ibos.io/hrAdmin/leave&Movement","base","2","2","9","Movement Type | Reason | From Date | Start Time | To Date | End Time | Approved by | Status | Action"
"https://mgm.ibos.io/hrAdmin/overtime","base","0","1","11","SL | Code | Employee | Designation | Department | Date | Start Time | End Time | Hours | Status | "
"https://mgm.ibos.io/hrAdmin/overtime","base","1","2","10","SL | Code | Employee | Designation | Department | Date | Start Time | End Time | Hours | Status"
"https://mgm.ibos.io/hrAdmin/profile","base","0","1","10","SL | Action | Code | Employee Name | Designation | Department | Employee Type | Date Of Joining | Supervisor | "
"https://mgm.ibos.io/hrAdmin/profile","base","1","2","9","SL | Action | Code | Employee Name | Designation | Department | Employee Type | Date Of Joining | Supervisor"
"https://mgm.ibos.io/hrAdmin/selfService","base","0","1","10","SL | Action | Request No | Office | Employee | Service Type | Applied Date | Status | Issued By | "
"https://mgm.ibos.io/hrAdmin/selfService","base","1","3","9","SL | Action | Request No | Office | Employee | Service Type | Applied Date | Status | Issued By"
"https://mgm.ibos.io/inventory/invDashboard","base","0","5","3","Item Name | Daily Consumption | Stock Availability"
"https://mgm.ibos.io/inventory/InvRequisition","base","0","13","9","SL | Requisition Code | Date | User Type | User | Remarks | Status | Review Comment | Actions"
"https://mgm.ibos.io/inventory/request","base","0","1","9","SL | Item Code | Item Type | Item Category | Item Name | UOM | Request Qty | Production Qty | Action"
"https://mgm.ibos.io/postcrm/complainManagement","base","0","51","11","SL | Date | Ticket No | Ticket Type | Customer Name | Title of Issue | Assign To | Service Required | Received By | Status | Actions"
"https://mgm.ibos.io/postcrm/warrantyManagement","base","0","1","10","SL | Date | Reference Code | Service No | Customer | Customer Mobile | Contact Person | Request Received By | Status | Action"
"https://mgm.ibos.io/production/billOfMaterial","base","0","4","14"," | SL | Action | Date | BOM Name | Item Name | Department | Section | UoM | Alt. UoM | Lot Size | Tolarence | BOM Value | Created By"
"https://mgm.ibos.io/production/productionEntry","base","0","7","20","SL | Action | Production Entry Date | Production Entry Code | Prod. Order/Sche No | Sales Order | Department | Section | Work Center | Shift | Item Name | Category | Sub Category | Total QTY | Excess QTY | Net Qty | Varience | Net Weight | Created By | Status"
"https://mgm.ibos.io/production/productionOrder","base","0","14","10","SL | Action | Order Date | Order Number | Item Name | Order QTY | Produced QTY | Remaining QTY | Produced Value | Status"
"https://mgm.ibos.io/production/workCenter","base","0","3","11","SL | Action | Department | Department Section | Work Center Code | Work Center Type | Work Center | Standard Run Hour | Capacity Per Hour | Rated Capacity Per Hour | Operator Tagging"
"https://mgm.ibos.io/purchase/goodsReceive","base","0","1","17","SL | Actions | Receive Date | Office | PO No | Invoice/GRN | Challan No | Shipment Document No. | VAT Challan No | Sales Invoice No | Delivery No | Warehouse | Supplier | Total Qty | Total (BDT) | Pending (BDT) | Prepared By"
"https://mgm.ibos.io/purchase/purchaseOrder","base","0","1","13","SL | Actions | Status | PO Date | Rece. Date | PO No | Reference No | PI No | Supplier | Created By | Amount (Foreign) | Amount (BDT) | Review Comment"
"https://mgm.ibos.io/sales/deliverySchedule","base","0","51","9","SL | SO Date | SO No | Customer Name | Amount (BDT) | Order By | Territory Name | Status | Action"
"https://mgm.ibos.io/sales/fieldCollection","base","0","9","14"," | SL | Date | Customer Code | Customer Name | Money Receipt No | Amount | Collection Type | Deposit Bank Acc No | Receive From Bank | Instrument No | Instrument Date | Collected By | Actions"
"https://mgm.ibos.io/sales/goodsSales","base","0","29","31","SL | Action | Type | Confirmation | Delivery Date | Order Date | SO No | Sales Force | Invoice | Vat Challan No | Challan No | Vehicle No | Customer Group | Customer Code | Customer | Project/Outlet/Ref | Shipping Address | Zone | Route | Section | Ref Customer PO | Ref Customer PO Date | Ref Customer PO Amount | Ref Invoice | Total | Total Discount | Total VAT | Total Amount | Pending Amount | Sales By | Payment Method"
"https://mgm.ibos.io/sales/salesQuotation","base","0","7","10","SL | Actions | Status | Quotation Code | Office Name | Customer Name | Mobile No. | Quotation Date | Valid Till Date | Amount"
"https://mgm.ibos.io/accounts/budgetSetup/create","create:Budget Create","0","1","17","Account Head | Expense Name | Jan | Feb | Mar | Apr | May | Jun | Jul | Aug | Sep | Oct | Nov | Dec | Total | Action | "
"https://mgm.ibos.io/accounts/budgetSetup/create","create:Budget Create","1","2","16","Account Head | Expense Name | Jan | Feb | Mar | Apr | May | Jun | Jul | Aug | Sep | Oct | Nov | Dec | Total | Action"
"https://mgm.ibos.io/accounts/budgetSetup/create","create:Budget Create / tab:Budget","0","1","17","Account Head | Expense Name | Jan | Feb | Mar | Apr | May | Jun | Jul | Aug | Sep | Oct | Nov | Dec | Total | Action | "
"https://mgm.ibos.io/accounts/budgetSetup/create","create:Budget Create / tab:Budget","1","2","16","Account Head | Expense Name | Jan | Feb | Mar | Apr | May | Jun | Jul | Aug | Sep | Oct | Nov | Dec | Total | Action"
"https://mgm.ibos.io/accounts/expenseIncomeHead","create:Create / tab:COA PERMISSION","0","3","5","SL | Employee Name | Voucher Type | Account Head | Action"
"https://mgm.ibos.io/accounts/expenseOrAdvance/createExpense","create:Create Expense / tab:EXPENSE","0","2","6","SL | Date | Accounts Name (GL) | Remarks | Amount | Action"
"https://mgm.ibos.io/accounts/expenseOrAdvance","create:Create Advance / tab:PROVISION","0","3","12"," | SL | Date | Code | Office Name | Expense Type | Partner/Payee | Chart Of Account | Description | Amount | Status | Actions"
"https://mgm.ibos.io/accounts/lcmargin","create:LC Create / tab:PI/LC DETAILS","0","2","16","SL | Office | LC Date | LC NO | Bank | Branch | PI NO | PI Date | PO NO | Margin Balance | LC Charge | VAT On LC | Insurance Charge | VAT On Insurance | Status | Action"
"https://mgm.ibos.io/accounts/lcmargin","create:LC Create / tab:PI/LC DETAILS","1","2","15","SL | Office | LC Date | LC NO | Bank | Branch | PI NO | PI Date | PO NO | Margin Balance | LC Charge | VAT On LC | Insurance Charge | VAT On Insurance | Status"
"https://mgm.ibos.io/accounts/Project/create","create:Create Project / tab:PROJECT","0","1","4","SL | Team Member | Role | Action"
"https://mgm.ibos.io/accounts/Project/create","create:Create Project / tab:PROJECT","1","2","5","SL | Cost Element | Responsible | Budget Amount | Action"
"https://mgm.ibos.io/accounts/Project/create","create:Create Project / tab:PROJECT","2","2","8","SL | Item Code | Item Name | UOM | Quantity | Price | Total | Action"
"https://mgm.ibos.io/asset/assetDisposal","create:Create Disposal","0","1","8","SL | Date | Customer | Total Amount | Rece. Amount | Pending Amount | Action | "
"https://mgm.ibos.io/asset/assetDisposal","create:Create Disposal","1","2","7","SL | Date | Customer | Total Amount | Rece. Amount | Pending Amount | Action"
"https://mgm.ibos.io/asset/assetDisposal?tab=destroy","create:Create Disposal / tab:Destroy","0","1","6","Date | AR Code | Asset Name | Current Value | Remarks | "
"https://mgm.ibos.io/asset/assetDisposal?tab=destroy","create:Create Disposal / tab:Destroy","1","2","5","Date | AR Code | Asset Name | Current Value | Remarks"
"https://mgm.ibos.io/asset/assetDisposal?tab=report","create:Create Disposal / tab:Report","0","1","6","SL | Date | AR Code | Asset Name | Current Value | "
"https://mgm.ibos.io/asset/assetDisposal?tab=report","create:Create Disposal / tab:Report","1","2","5","SL | Date | AR Code | Asset Name | Current Value"
"https://mgm.ibos.io/asset/assetDisposal","create:Create Disposal / tab:Sales","0","1","8","SL | Date | Customer | Total Amount | Rece. Amount | Pending Amount | Action | "
"https://mgm.ibos.io/asset/assetDisposal","create:Create Disposal / tab:Sales","1","2","7","SL | Date | Customer | Total Amount | Rece. Amount | Pending Amount | Action"
"https://mgm.ibos.io/config/responsibilityTransfer/create","create:Create Transfer","0","1","7","SL | From User | To User | From Date | To Date | Action | "
"https://mgm.ibos.io/config/responsibilityTransfer/create","create:Create Transfer","1","2","6","SL | From User | To User | From Date | To Date | Action"
"https://mgm.ibos.io/config/responsibilityTransfer/create","create:Create Transfer / tab:Responsibility Transfer","0","1","7","SL | From User | To User | From Date | To Date | Action | "
"https://mgm.ibos.io/config/responsibilityTransfer/create","create:Create Transfer / tab:Responsibility Transfer","1","2","6","SL | From User | To User | From Date | To Date | Action"
"https://mgm.ibos.io/hrAdmin/config/sandwichLeave-create","create:New / tab:Sandwich Leave","0","7","2"," | Scenario"
"https://mgm.ibos.io/hrAdmin/config/sandwichLeave-create","create:New / tab:Sandwich Leave","1","1","3","Seq | Leave Type | Action"
"https://mgm.ibos.io/inventory/auditSetup/create","create:Create","0","1","6","SL | Supplier Name | Category Code | Category Name | Sub Category Name | Action"
"https://mgm.ibos.io/inventory/gateInOut/create","create:Create Get In Out","0","2","4","SL | Item Name | UOM | Quantity"
"https://mgm.ibos.io/inventory/gateInOut/create","create:Create Get In Out / tab:GATE IN","0","2","4","SL | Item Name | UOM | Quantity"
"https://mgm.ibos.io/inventory/gateInOut/create","create:Create Get In Out / tab:GATE OUT","0","2","4","SL | Item Name | UOM | Quantity"
"https://mgm.ibos.io/inventory/gateInOut/create","create:Create Get In Out / tab:VISITOR","0","2","4","SL | Item Name | UOM | Quantity"
"https://mgm.ibos.io/inventory/qcManagement/create","create:Create","0","1","9","SL | Item Code | Item Name | UOM | Quantity | QC Quantity | Pass Qty | Fail Qty | Remarks"
"https://mgm.ibos.io/postcrm/serviceAgreement/create","create:CREATE SERVICE AGREEMENT","0","1","12","SL | Item Code | Item Name | Number Of Service | Occurrence | Occurrence Days | Price | Start Date | Valid To | Duration | Remarks | Action"
"https://mgm.ibos.io/postcrm/serviceAgreement/create","create:CREATE SERVICE AGREEMENT / tab:SERVICE AGREEMENT","0","1","12","SL | Item Code | Item Name | Number Of Service | Occurrence | Occurrence Days | Price | Start Date | Valid To | Duration | Remarks | Action"
"https://mgm.ibos.io/postcrm/serviceAgreement/create","create:CREATE SERVICE AGREEMENT / tab:SERVICE DUE","0","1","12","SL | Item Code | Item Name | Number Of Service | Occurrence | Occurrence Days | Price | Start Date | Valid To | Duration | Remarks | Action"
"https://mgm.ibos.io/postcrm/warrantyManagement/create","create:Create","0","1","10","SL | Item Code | Item Name | Serial | Part No | Model No | Origin | Specification | Description | Action"
"https://mgm.ibos.io/purchase/purchaseOrder/indenting/create","create:Create Indenting Order / tab:INDENTING PO","0","6","9","SL | Item Code | Name | Order Qty | Supplier Rate () | Customer Rate () | Supplier Total () | Customer Total () | Actions"
"https://mgm.ibos.io/purchase/quotationEntry/create","create:Create Quotation Entry","0","1","10","SL | Item Code | Item Name | Item Description | Qty | Rate (BDT) | Discount | Vat | Total | Action"
"https://mgm.ibos.io/sales/fieldCollection/create","create:Create Collection","0","1","12","SL | Customer Code | Customer Name | Shipping Address | Money Receipt No | Collection Type | Deposit Acc No | Bank Name | Instrument No | Instrument Date | Amount | Action"
"https://mgm.ibos.io/sales/fieldCollection/create","create:Create Collection / tab:FIELD COLLECTION","0","1","12","SL | Customer Code | Customer Name | Shipping Address | Money Receipt No | Collection Type | Deposit Acc No | Bank Name | Instrument No | Instrument Date | Amount | Action"
"https://mgm.ibos.io/sales/goodsSales","create:Create Reason / tab:APPROVED SO","0","1","17","SL | Action | Status | SO Date | Exp. Delivery Date | SO No | Office Name | Customer Code | Customer Name | Shipping Address | Zone | Route | Section | Customer PO/Ref | Order By | Type | Pending Reason"
"https://mgm.ibos.io/sales/SalesCollection/newBillCreate","create:Create Bill","0","1","10"," | Invoice No | Challan (Manual) | Total Amount | Receive Amount/Adjust | Due Amount | GRN Number | Delivery Date |  | Submission Date"
"https://mgm.ibos.io/sales/SalesCollection/newBillCreate","create:Create Bill / tab:ADVANCE COLLECTION","0","1","10"," | Invoice No | Challan (Manual) | Total Amount | Receive Amount/Adjust | Due Amount | GRN Number | Delivery Date |  | Submission Date"
"https://mgm.ibos.io/sales/SalesCollection/newBillCreate","create:Create Bill / tab:COLLECTED INVOICE","0","1","10"," | Invoice No | Challan (Manual) | Total Amount | Receive Amount/Adjust | Due Amount | GRN Number | Delivery Date |  | Submission Date"
"https://mgm.ibos.io/sales/SalesCollection/newBillCreate","create:Create Bill / tab:DUE BILL","0","1","10"," | Invoice No | Challan (Manual) | Total Amount | Receive Amount/Adjust | Due Amount | GRN Number | Delivery Date |  | Submission Date"
"https://mgm.ibos.io/sales/SalesCollection/newBillCreate","create:Create Bill / tab:DUE INVOICE REPORT","0","1","10"," | Invoice No | Challan (Manual) | Total Amount | Receive Amount/Adjust | Due Amount | GRN Number | Delivery Date |  | Submission Date"
"https://mgm.ibos.io/sales/SalesCollection/newBillCreate","create:Create Bill / tab:DUE LIST","0","1","10"," | Invoice No | Challan (Manual) | Total Amount | Receive Amount/Adjust | Due Amount | GRN Number | Delivery Date |  | Submission Date"
"https://mgm.ibos.io/sales/salesQuotation/create","create:Create Quotation","0","1","10","Code | Name | Quantity | Unit Price | Discount | VAT (%) | Total Amount | Warranty | Delivery Date | Action"
